movie,sentence,score
더 배트맨,다크 배트맨은 이 영화인거 같다,10
올빼미,기대안하고봤는데 보는내내 눈을 뗄수없을정도로 몰입력 미쳤고 진짜재밌음 ㅋㅋㅋ 보면서 계속 심장빠르게 뛰면서 본 영화...연기도 대박이고..재밌어서2번봤습니다,10
아바타: 물의 길,22년의 마지막 일요일 혼영3D안경 때문에 어지러웠지만 VN생각도 GAIN생각도 별로 안낫고영화 즐겁게 봤네 훗날 넌 뭐하니DY는 됏니? 열심히 살자 ,10
아바타: 물의 길,솔직히 이건 많은 것을 담고 있음ㅇㅇ 둘째의 서러움과 첫째의 부담감과 어머니로써의 어쩔 수 없는 자기 자식 사랑... 액션은 말할것도 없이 대단했고 진짜 아바타가 아바타했다...,10
이상한 나라의 수학자,훈훈하게 볼수 있었어요,6
죽여주는 여자,"무엇보다 고령화사회로 접어드는대한민국의 단면을 보여주는 영화였고,충분히 비일비재하게 일어날법한 일이다라는 생각을 하면서 보았습니다.",10
영웅,큰 기대 없이 볼만해용,6
아바타: 물의 길,잘짜인 스토리 라인 그리고 감동적인 스토리. ,10
그린치,크리스마스마다 보는데 너무 재밋서여 제 최애영화 감동적이구 재미도 있어서 가족들이랑 보기두 좋아요,10
나이브스 아웃,2편을 보고 다시 왔습니다. 1편이 정말 재밌다고 생각했는데 2편을 보니 그 생각이 확고해지는군요,10
아바타: 물의 길,영상미는 정말 최고고 연출이나 연기도 좋습니다 스토리가 조금 아쉽긴 하지만 5부작 기획을 위한 것이라고 생각하면 나쁘지 않은 것 같네요,10
인사이드 아웃,행복하고 싶다면 슬픔을 가두지 말고 함께하세요,10
올빼미,류준열배우님 연기 때문에 몰입이 제대로 되는 영화였습니다 ! 오랜만에 좋은 영화 봤어요 !!!감사해요 ㅎㅎ,10
스펜서,여주의 고뇌와 갈등 인상적,6
귀못,다정아.. 좀 나와봐..,4
영웅,진짜 나윤희 님 연기는 반박불가 레전드다... 대단하심..ㅠㅠㅜㅠ 박진주 님도 새로 봤음!!,10
영웅,정성화님의 뜨거운 열연…정성화님 아니면 이영화는 표현 할 수 없다…또 마지막 노래씬은 정말 평생 잊을 수 없을 것 같다 ,10
귀못,여주 진짜 예쁘다 내용은 그닥입니다,10
아바타: 물의 길,아이들 예매만 해주고 전 아직 못 봤기 때문에.. 9점..근데 아들 말로는 1편보다 재밌다고 하더군요.. 저도 어서 보는 날이 오기를...,9
영웅,시작부터 끝까지...울다 나왔어요독립운동을 하신 모든 분들께 진심으로 감사드립니다.꼭 한번은 봐야할 영화입니다. 역사에 관심이 많고 더 나은 나라에서 우리 애들이 살 수 있도록 하려면요...,10
아바타: 물의 길,… 좀 지루했다.. 내용은 애기들 보는것 같았고3시간 진짜 길었다.,1
헌트,이해도 안 가고 몰입도 안 되는데 난..,4
나 홀로 집에,2022년에도 또 보고있는 아들과 나!,10
아바타: 물의 길,"어떻게 이리 다른 경험을 선사해주는 것인지, 돌비 3D 덕인지, 영화 덕인지 모르겠다. 아마 둘 다인 듯 하다. 픽셀 하나까지 아름답다. 경이로운 영화. 3D 돌비로 보니 놀이공원 갈빠엔 이거 본다는 생각까지 든다.",10
영웅,"영화도 감동적이었고, 배우들의 노래와 연기가 인상적이었어요",10
아바타: 물의 길, 진짜 cg 멋지긴한데..중간에 진짜 지루함..어쩌라는 건지 모르겠음...스토리도..걍 단순..가족 지키자..그냥 그랬어요...마지막이 그래도 좀 재밌었고...,6
영웅,"뮤지컬을 워낙 좋아해서 기대하면서 봤는데 기대보다 훨씬 멋있고 잘 만들어진 영화였던 것 같아요. 몇몇 노래 장면의 연출이 조금 단순하거나 올드한 느낌을 주기도 했고 CG도 조금은  아쉽기도 했지만 그 모든걸 뛰어넘는 뮤지컬영화라는 새로운 시도와 배우들의 명연기, 노래 그리고 안중근 이라는 인물까지 진짜 다들 봐야되는 영화였습니다!!",10
영웅,몰입 할 수 없는 지저분한 영화올해 본 영화 중 최악반성하라.,1
불릿 트레인,약간 지루함. 액션은 볼만. 일본 칼 무술은 핵별로,4
아바타: 물의 길,더 나은 속편은 역시 어려움참신한 것도 없고 자다깨다 연속... 힘들게 버팀3편은 곧 나올듯 끝남,1
영웅,영화보고 가슴이 찡했어요 ㅜㅠ 훌쩍 #역사를 잊은 민족에게 미래는 없다! ,10
"오늘 밤, 세계에서 이 사랑이 사라진다 해도",안 운 사람이 없을 정도인 영화..,10
영웅,"역사를 민족에겐 미래는 없다.오랜만에 감동 그리고 국뽕을 만끽하며, 일본이 우리 민족에게 한 치욕스럽고 악랄한 짓을 되새기며 국력을 키우는데 이바지 해야겠다.",10
영웅,내용도 역사적인 부분을 담아내고 있어서 좋았고 감동적이었어요.. 그리고 휴지 꼭 챙기시길,10
영웅,모든 배우님들 너무너무 멋있었어요~♡♡,10
귀못,할머니 연기가 압권이었음~ 공포감~,10
헤어질 결심,붕괴로 사랑을 표현했다 미결로 영원한 사랑으로 남았다 너무 눈물난다 내생에 최고의 영화였다,10
영웅,정성화님 노래 부를때마다 소름 돋았네요.,10
영웅,최고. 최고.   감동. ㅠ 뮤지컬로. 다시보고싶네요. ,10
영웅,안중근 역에 정성화 배우 캐스팅은 최고!자녀들과 같이 보면 좋을 영화.,9
영웅,감독이 감독이니만큼 감정을 뽑아내는건 잘 해내줍니다... 누군가에겐 눈물이 그렁그렁 할 수 밖에 없는 그런 것들 말이죠... 긴말까지는 필요 없을거 같고 일본에 대해 한번쯤은 되새겨봐줬으면 좋겠습니다... 일본 가서 돈 쓸 생각은 뒤로 미루고 말이죠,8
아바타: 물의 길,진짜 여기 댓글다는 사람들 양심 국 끓여 먹었냐? 아님 초딩이야 이게 잼있어? 참나,1
영웅,한국인이라면  꼭 봐야할 영화~,10
드라이브 마이 카,러닝타임 3시간에 대해서 우려를 가지게 되면 절대 극장에선 만날 수 없는 작품. 하지만 극장을 찾아 화면을 바라보는 순간부터 엔딩 크레딧이 올라갈 때까지 언제 3시간이 흘렀는지 자각하기 어려운 작품. 위로가 필요한 우리 모두의 마음에 잔잔한 응원과 토닥임을 선사한다. 맵거나 짜지 않아도 이런 독특한 맛을 발산하는 작품들이 있으며 영화광으로서 이런 만남들이 실로 반갑기 그지 없다.,10
늑대사냥,한국형 좀비+히어로+고어+액션+다이하드+하이스트+SF = ?!?!?!?  딴거는 몰라도 피뿌리기 하나는 확실! 이 정도 시도라면 박수 칠만! 대중 호평의 기대는 어려울듯. 공포 액션 고어 매니아라면 중상타! ,10
"오늘 밤, 세계에서 이 사랑이 사라진다 해도",솔직히 ost 빼고는.. 그리고 후반부 그런전개를 할꺼면 루즈한 초반에 빌드업을 하지.. 갑자기 그런걸..,2
영웅,한국사자격증 준비하는동안에 영화를봤는데 정말 대한민국 국민인게 자랑스럽습니다대한민국 만세!,10
영웅,그렇게 애국으로 가는 길,7
영웅,이땅에 살고 있는 사람이라면 반드시 봐야할 영화,10
버즈 라이트이어,버즈 로봇 장난감의 원형의 역사가 담긴 이야기,7
"오늘 밤, 세계에서 이 사랑이 사라진다 해도",최고다 진짜 내 인생영화..,10
영웅,"조연캐스팅을 보고 양념같은웃음요소가 있겠구나 기대했었는데...아, 뭔가 애매하고 오히려 감정선의 흐름마저 끊어지는 느낌이었음..정성화 김고은 진주의 노래로 귀는 호강했으나 뮤지컬은 역시 무대에서....",6
아바타: 물의 길,클래스는 역시 영원하다,7
영웅,보는내내 애국심이절로생기는명ㅏㄱ,10
날씨의 아이,일본이 수장되는 아름다운이야기,7
영웅,못난 조국이 죄인과 영웅을 만든다,10
긴급구원 더레스큐 ,충격과 공포.. ..  ㅡㅡ,1
영웅,"극적인 장면에서 노래를 불러야하기에 연출적인 매끄러움이 부족하다고 느껴질 수 있지만, 그럼에도 웅장한 사운드 덕분에 불구하고 더 극대화된 감정을 느낄 수 있었습니다. 쉽지 않은 넘버들을 연기와 함께 완벽하게 소화하는 배우들의 열정이 빛났습니다. ",10
영웅,"코믹과 감동이 섞여있는 너무 잘, 봤어요 정성화님 목소리 너무좋고 연기 잘하시네요",10
아바타: 물의 길,너무 기대를 많이 가면 안된다. 기대에 훨씬 못미침. 전편보다 스토리의 퀄리티가 떨어짐 보다가 졸뻔..ㅋ 간단하게 설명하자면 노.잼.,2
355,재밌던데 리뷰들 뭐 저리 오바하면서 까지 까내리는지 모르겠네.,10
영웅,모투 꼭 보세요~~~~^^,10
아바타: 물의 길," 러닝타임이 전혀 지루하지 않을 정도로 놀랍도록 재밌었어요. CG는 이제 인간의 영역은 넘어선 듯 합니다.ㅋㅋ 영화가 정말 아름다워요. 스토리나 OST 모두 흠 잡을 곳 없고, 보시게 된다면 절대 후회 없으실 겁니다. 강력 추천!!",10
나 홀로 집에,"메리 크리스마스, 케빈",10
레이니 데이 인 뉴욕,비오는 뉴욕의 감성으로만 봐도 최고의 영화,10
올빼미,"친구의 강력추천으로 봤는데 정말 재밌었어요!!!! 아바타에 밀려 상영관도 한군데, 그것도 조조와 심야밖에 없어서 심야를 봤는데 생각보다 관람객이 많았어요! 영화를 보기전엔 왜 안생긴 유해진을 왕역할을 시겼나 의문이 들었지만 우리는 영화를 보면서 유해진외엔 할 수 있는 배우가 없다고 바로 인정했어요! 긴장감에 끝까지 몰입하였고 무엇보다 출연진들이 서구적 성형배우들이 아니라서 보기 편하여 높은 점수를 줍니다!!!",10
나이브스 아웃: 글래스 어니언,역시 1편만큼이나 좋았습니다. ,10
영웅,뮤지컬영화는 처음 보는데 노래와 내용 모두 너무 감동적이고 볼만하네요!!,10
영웅,휴지 말고 수건 챙겨가세요 ,10
영웅,"뮤지컬과 영화의 만남. 영상으로 만들 수 있는 화면전환이 멋졌고, 안중근 의사의 삶에 대해 다시금 생각게 하는 영화였습니다.",9
"오늘 밤, 세계에서 이 사랑이 사라진다 해도",일단 무조건 보세요 아니 전 제가 안울줄 알앗다니까요?ㅋ진짜 끅끅하면서 울엇다거요..,10
아바타: 물의 길,최고임 3d로보시길 추천드림,10
올빼미,재미있음,10
아바타: 물의 길,영상은 좋았으나 예전 제임스 카메론 영화에서 봐왔던 훌륭한 플롯은 없음. 누릴거 다 누리고 사는 양반이 환경문제로 인간을 악마로 (실제 대사임) 매도시키면 위선자로 밖에 안 보임.,1
"그 겨울, 나는",현실의 무서움과 다잃고 늦더라도 시도하는 주인공이 참 많은 생각을 하게 한다 ,8
헌트,상상력을 그대로 스크린으로 옮기심.,7
영웅,역사를 알고봐도 너무 감동적감사한 마음이 가득 드는 영화펑펑 울며 봤습니다 ,10
아바타: 물의 길,개인적으로 1보다 훨씬재밌어요 3시간이지만 시간이 정말 빨리지나감 감동적이고 재밌음,10
탑,홍상수는 영화를 통해서 자신의 상황 하고 싶은 말을 대변하는걸 참 잘한다.와인보다는 그의 영화에선 당연히 소주가 어울린다. ,8
아바타: 물의 길,3시간에 겁먹지말고 아쉬워해라 높은 몰입감으로 영화에 빠져 교감하는 시가들이었다,10
폭풍 속으로,분노의질주를재밌게봤었던나로썬...이영화가너무나도의미있게 다가왔다최고!,10
아바타: 물의 길,그 냥 정 말 발 암 영 화 입 니 다,2
원탁의 천사,"이민우와 하하는 진짜 처음부터 끝까지 한숨만 나올 정도로 수준 낮은 연기를 펼치고, 지금 기준으로 보면 정신이 아득해 질 정도로 시대에 뒤떨어진 유머와 대사와 상황은 진심으로 한심하다.",2
불릿 트레인,재밋기만 하구만 영화볼줄 모르는 놈들 ㅋㅋ,10
오두막,"고통스런 삶의 치유를 위해 비현실적인 초대와 환상, 초월적인 존재, 물 위를 걷거나 내세를 볼 수있는 기적이 필요함을 2시간 동안 떠든다. 불완전한 인간들은 절대 할 수 없는 &amp;#39;용서&amp;#39;를 오만가지 회유와 환상으로 강요하는 완전체인 신적 존재의 무자비한 폭력성이 더 가슴에 와닿는다(뭐 성경 내용이 다 이런 식이긴 하지만) 만일 맥이 신적 존재의 제안을 받아들이지 못하고 절대 &amp;#39;용서&amp;#39;할 수 없음을 고백했다면 과연 신적 존재는 딸의 사체를 돌려주기라도 했을까? 징그러울 정도로 편향된 사고와 일방통행의 방식으로 끝끝내 나약한 인간들을 굴복시키고야마는 신적 존재는 과연 선일까? 악일까? 기독교 영화라지만 오히려 반기독교적인 사고를 확장시키는 빌미를 주는 웃긴 영화",4
아바타: 물의 길,짱구네가족 파이어! 로 정리되는 영화지만 영상미 넘침,6
"대한이, 민국씨","영화의 유머는 낡고 유치해서 단 한순간도 재밌지 않고, 두 캐릭터의 행동은 웃기에는 너무 민폐인 경우가 많아 기분이 착잡해진다. 거기다 배우들은 지지부진하고 지루한 연기를 펼친다.",4
아바타: 물의 길,울면서봤다 나만 울면서 봤는가3를위해 2편은 꼭있어야 하는영화였고감정씬이 주를있는영화여서 난더좋았다,10
영웅,"대한민국 첫 뮤지컬 영화, 이정도면 성공적이다",10
아바타: 물의 길,3시간이 빨리 지나갈 정도로 몰입하며 봤네요,10
불릿 트레인,"영화를 보는 내내 쿠엔틴 타란티노가 만든 밸런스 잡힌 인스턴트 음식을 추구했으나, 몸에 안좋은 인스턴트를 계속 몸에 집어넣고 있는 느낌. 분명한 건 인스턴트는? 맛은 있다는 점!",7
시에라 연애 대작전,진정한 자존감은 외모가 아닌데서 나온다는 교훈을 주기 위해 주인공에게 너무 많은 면죄부를 주어버린 영화. 설득도 안되고 공감도 안 가고..,1
영웅,"정말 감명 깊게 본 영화였고 정말 ost,배우들의 연기,스토리 어디 하나 부족한 것이 없었다고 생각합니다.모든 독립운동가분들께 감사드립니다여러분이 있기에 우리가 있습니다.",10
블러드 레드 스카이,고구마 많고 캐릭터 설정이 어설픔. 게다가 뭔 애가 의지로 상황을 다 이끔.,6
영웅,감동적인 하지만 가슴아픈 역사,10
아바타: 물의 길,자식이 너무 많아서 스트레스 받았음.. 2명정도였으면 몰입 더 잘됐을듯,8
아바타: 물의 길,진짜 개미친영화 와 이건 미친영화,10
아바타: 물의 길,스토리도 저는 좋았습니다CG는 말이 필요 없고요,10
아바타: 물의 길,두번 봤는데  또 보고 싶네요,10
기적,본 성적보다 수십배는 더 떴어야될 영화. ,10
영웅,아이들과 눈물 훔치며 봤습니다 극장내 훌쩍이는 분들도 많았네요 말로 표현하지 않아도 아이들과 공감하며 좋은 시간 보낸거 같네요,10
영웅,아이들과 눈물 훔치며 봤습니다 극장내 훌쩍이는 분들도 많았네요 말로 표현하지 않아도 아이들과 공감하며 좋은 시간 보낸거 같네요,10
아바타: 물의 길,초반 지루.. 후반 재밌. 영상미 잘 모르겠..기대 안 하면 괜춘.영화 무지 깁니다~,7
노엘 다이어리,잔잔하고 배경도예쁘고 그냥다좋네 ,10
에브리씽 에브리웨어 올 앳 원스,"뻔한 내용을 복잡, 난잡하게 뭐하나 더 붙여서 있어보이려 노력한 영화라는 느낌. 혼자보는게 불편하지 않고 다행이었음 ",7
아바타: 물의 길,아바타 사랑해요 초딩때와 변함없이 아바타2도 인생영화 등극,10
영웅,감동적인 ㅠㅠ 뮤지컬보고 영화 보니까 더 재밌어요,10
레모니 스니켓의 위험한 대결,내 인생영화... 개잼있음,10
올빼미,진짜 실록에 적혀져있는 내용을 바탕으로 만든 영화라 그런지 더 재밌고 미스테리했어요 연기도 진짜 개쩖 ㄷ,10
아바타: 물의 길,액션은 솔직히 1편보다 아쉽긴 했지만 스토리텔링이 되게 좋았고 퀄리티 영상미 그래픽이 수준이상이었다!심지어 3D로 보니 더 입체적이니 더할말이...,8
나이브스 아웃: 글래스 어니언,스토리 자체는 나쁘지 않으나 풀어내는 방식이 촌스러움,3
크리스마스 연대기,어린이만을 위한 영화이다. 가족 영화로써는 좋지만 어른이 홀로 보기엔 개연성 없이 허무맹랑하게 넘어가서 몰입감이 떨어진다.,6
아바타: 물의 길,와진짜 돈아까워서 안졸려구 노력했지만..눈감기는고비 열번넘음 .안존건 인간승리,2
졸업,자유에 수반되는 불안,10
13번째 전사,존 맥티어난 특유의 마초이즘과 마이클 클라이튼 특유의 현실적인 판타지가 만나 생기는 시너지가 상당함.,9
아바타: 물의 길,"오랜만에 스케일 큰 sf영화.. 너무 좋아요. 감동과 교훈.. 지루하지않고 시간가는줄도 몰랐네요. 크리스마스 마무리하기 좋았어요. 진짜 13년 존버하길 잘했네요ㅠㅠ 빨리 3탄 내놔요. 3시간 내내 잠수하고 있는 기분, 너무 아름다운 자연...!!! 영상미가 대박임 ㅠㅠ",10
아바타: 물의 길,영상 혁명 그자체,10
아바타: 물의 길,모든 게 마지막 40분을 위한 빌드업이었던 것 같네요 약간 루즈한 감이 있었지만 재밌었습니다 가족애를 위대하게 보여준 영화입니다근데 너무 길어서 허리가 약간 박살날 것 같아요,10
나 홀로 집에,크리스마스에 보는 대띵작 정말 재밌고 웃김 ㅋㅋ,10
올빼미,재미있는 영화,10
아바타: 물의 길,3시간 넘는 긴 시간이였지만 짧게만 느껴졌고 보는내내 경이롭다라는 말이  아깝지 안았으며 가족애를 느낄수 있어서 더한 감동이 있었고 다시 보고 또보고 싶을만큼 올해 최고의 영화인것 같아여^^ ,10
영웅,기대없이 가벼운 마음으로 보러갔는데 보는 내내 감동이있습니다. 내용 배우들의 연기  뭐하나 빠지는게 없습니다.,10
영웅,지루했어요...지루지루,4
나이브스 아웃: 글래스 어니언,돈으로 흥해도 과욕하면 돈으로 망한다.,7
영웅,안중근의사 정말 큰인물이였던거같습니다감히 상상도 못할정도의 큰 뜻을 품고 큰일을 해내신듯해요 작은유해라도 우리나라에 안착되길 바라봅니다  그토록 바라고바란 대한독립만세...   감사합니다,10
가재가 노래하는 곳,남들과 다른 환경에서 많이 다른 모습으로 성장하더라도 결국 인간다운 삶을 영위하게 되는 희망을 보았다.,6
영웅,누가 영웅인가? 진정한 동양평화를 이루려 하신 분. 자식이 총이 아닌 두손을 모아 기도하길 바라신 분. ,10
아바타: 물의 길,진짜 1편하고 2편을 보면서 느끼는건데 배경이 진짜 이뻐요!,10
록키 4,옛날추억이 이영화와 함께  남아있어볼때마다 어린시절로 돌아가는 느낌이들게 해주는 고마운 영화  최고!,10
나이브스 아웃: 글래스 어니언,시간낭비하지마시고 더 주무시거나 운동하시거나 요리하시거나 유튜브보시거나 공부하세요. 시간낭비임 이거 보는건,1
영웅,최고입니다 명품영화 잊고지낸 역사 고마워하며 감사해하며 살겠습니다,10
불릿 트레인,특유의 b급유머가 타이밍이 안맞거나 그렇게 신선하지는 않았던것같다 동양적 사상과 서양의 b급 무비를 섞었을때 나오는 시너를 기대했지만 상투적으로 흐른것같아 아쉽다 그래도 쉼없이 몰아부치니 그리 지루하진않다,7
올빼미,엄청난 영화인줄알았는데 그냥 그런데요.. ,6
영웅,뮤지컬 영화 재미있게 봤습니다연출도 괜찮았고요크게 나무랄 곳이 없는 영화입니다^^,9
록키 4,체급차이 개나주는 복싱경기영화삼류 쓰레기영화 ㅋ ㅋ,2
노킹 온 헤븐스 도어,감동은 있으나 대환장 파티 속 바보들의 일탈..,6
아바타: 물의 길,보는 내내 생각 난 주우재 역시 아바타 압도 당했다,10
영웅,처음부터 끝까지 감동 그 자체..  계속울었어요ㅠㅠ평점을  감히 매기기가 어렵네요. 감사합니다. ,10
영웅,너무너무 감동적인 영화ㅠㅠ여태 보는영화중에 최고입니다. 다시한번 대한민국라는 나라가 얼마나 귀한 나라인지 느낄수있는 순간였다. 아이들이 같이보면 교육상 가장좋은 영화것같다. 많이 울었습니다.ㅠㅠ안종근선생님 시신빨리 찾기를 기도합니다!!! 당신은 대한민국의 위인입니다!!!대한민국 국민이라면 모두가 봐야할 영화이라고 생각을 듭니다!~~,10
나이브스 아웃: 글래스 어니언,재밌음 결말은 생각보다 큰 사이다가 아니어서 아쉬웠을뿐..,10
아바타: 물의 길,시간이 너무 길어서 중간에 꿀잠잤다바다 속 cg는 인정메리크리스마스 ,6
영웅,뮤지컬을 좋아하는데 영화로 나와서 퀄리티도 좋고 몰입해서 봤습니다. 연기도 너무 좋았고 김고은배우님이 노래를 잘하시는것도 알게되었습니다. 뮤지컬인만큼 엄청 진지하진 않습니다. 저는 재밌게 슬프게 잘봤어요. ,10
영웅,감동적이고 너무 슬프네요.,10
"오늘 밤, 세계에서 이 사랑이 사라진다 해도",일본은 정말 애절한 사랑엔 죽음을 꼭 넣늠너의 췌장 어쩌고도 죽지않았나? 죽는건 그렇다쳐도 개연성이 있어야지 엄마가 돌연사했다고 남주도 돌연사 ㅋㅋ여주 앞에서 한번쯤 쓰러지거나 아빠나 누나가 심장병은 괜찮아 ..? 하고 묻는 장면이라도 좀 넣지 남주가 개복치마냥 갑자기 죽어서 이입이 안됐음 ,2
"오늘 밤, 세계에서 이 사랑이 사라진다 해도",너무 분위기가 이쁘고 행복했다 마지막 부분은 너무 슬펐음,10
영웅,중간중간 갑자기? 싶은 전개가 있었지만 감동적이었습니다 이런 영화들이 많이 흥했으면 좋겠어요,9
올빼미,심장 쫄깃쫄깃 너무너무 재밌어요. ,10
아바타: 물의 길,&amp;#34;우리는 모두 에너지를 빌려온 것 뿐이다&amp;#34;,10
"오늘 밤, 세계에서 이 사랑이 사라진다 해도",이 영화 슬프다고 해서 친구들이랑 보러갔는데 울면서 나왔습니다... 하 끝나고 나서도 친구들이랑 계속 울었어요,10
영웅,감동적 잘 봤어요’!!!,10
아바타: 물의 길,영상 짱~ 아쿠아리움보다 더 멋짐~ ,10
영웅,정성화 연기  진짜 대박  김고은역은 억지로  만든듯 ,10
아바타: 물의 길,세시간 금방간다.끝나고나니 엉덩이아프다,10
아바타: 물의 길,현실에서는 볼수없는 가상체험의 느낌,10
헤어질 결심,가까이 가기엔 왠지 어려웠던 거장의 친절한 손짓,9
올빼미,정말 세자 쓰러질때부터 손에땀나고 차가워지고 온몸에 계속 소름돋을정도로 너무 재밌었어요. 와.... 류준열. 유해진 연기력 미쳤네요 압도당했습니다. 대박이에요,10
영웅,대한민국을 지켜주셔서 감사합니다..모든 면에서 저에게 인생 영화입니다감사합니다 더 공부하겠습니다,10
히트맨,시간 잘가는 재밌는 영화였음.,10
영웅,"동지들과 함께 네 번째 손가락을 자르는 단지동맹으로 조국 독립의 결의를 다진 안중근은 조선 침략의 원흉인 이토 히로부미를 3년 내에 처단하지 못하면 자결하기로 피로 맹세한다. 그 약속을 지키기 위해 블라디보스토크를 찾은 안중근. 오랜 동지 우덕순, 명사수 조도선, 독립군 막내 유동하, 독립군을 보살피는 동지 마진주와 함께 거사를 준비한다. 한편 자신의 정체를 감춘 채 이토 히로부미에게 접근해 적진 한복판에서 목숨을 걸고 정보를 수집하던 독립군의 정보원 설희는 이토 히로부미가 곧 러시아와의 회담을 위해 하얼빈을 찾는다는 일급 기밀을 다급히 전한다.",10
영웅,노래가 다좋지만 일본노래가 웅장하고 먼가 깔금하네요 ,10
아바타: 물의 길,엄청난 영화 하지만 1을 뛰어넘진 못한,9
아바타: 물의 길,좋게 말하면 영화 역사상 돈주고 살 수 있는 최고 그 이상의 경험 스트리밍 시장이 대세인 현재 왜 극장이 존재해야 하는지에 대한 확실한 이유이자 보증 나쁘게 말하면 판도라 해양 다큐멘터리 종족 간의 전쟁에서 개인 간의 갈등으로 축소된 액션이 아쉽지만 수없이 뿌려진 흥미진진한 떡밥은 충분히 3편을 기대하게 만든다,8
아바타: 물의 길,진짜 너무 재밌다제발 대박 터져서 5편까지 나왔으면ㅜㅜ,10
영웅,"진짜 인생영화입니다,.  뜨거운 가슴과 웅장한 음악과 연기모든것이 완벽한..  또 보고싶은 영화네요보는내내 마음이 울컥울컥.,ㅠㅠ 그 시대에 나라를 위해 하신 희생을 다시금 감사드립니다..",10
영웅,영웅 박스오피스 1위 좋아요,10
스윙키즈,재밌긴 한데 죽이진 말지,10
아바타: 물의 길,"3시간 ? 진짜 순삭 지루함은 1도 못느낌 액션, 영상미, 연기력, 스토리 등등 하나도 놓치지 않은 영화임. 심지어 슬퍼 ㅠ 눈물나고 . 인간이 제일 잔인해 진짜 … 같이 숨참으먄서 봤다 ㅠ",10
데시벨,정상훈은 일단 너무 둥둥섬이네요 그리고 이종석이 왜 데시벨로 폭탄을 만들었는지 도무지 모르겠음,4
영웅,나는 이생에서 너와의 재회를 원치않으니 죽음을받아들이지마라 라는편지낭독당면에서 눈물이났습니다. 국권을 뺏긴 상황에서 모든 어머님들의마음일것이라 생각하며 반어법에서 마음에 아팠습니다 안중근 선생님 당신의 희생이 있었기에 우리가 민주주의 독립국가에서 삶을 현재 영위하고있습니다 감사합니다.,8
아바타: 물의 길,말이필요없다 영상 고퀄  ,10
영웅,오늘 영웅을 볼까 아바타를 볼까 고민하다 영웅을 선택했는데 우리 가족 모두 만족 정성화를 비롯한 모든 배우들 연기와 노래 짱인듯 ㆍ오늘 하루 애국하고 왔다,10
우리는 형제입니다,다들 안녕하셔요 반가워요 ,6
아바타: 물의 길,정신차리고 보세요잠들기 쉽상입니다.,8
아바타: 물의 길,3시간이라며뭐고 벌써 끝났누,10
영웅,우리가 잊어서는 안 될 역사,10
아바타: 물의 길,누가 이 영화를 감히 평가할 수 있을까요?,10
토스카나,좋은영화입니다!!!,10
아바타: 물의 길,최악이었습니다스토리가 처참했어요,1
영웅,조마리아 여사님이 옥중의 아들 안중근 선생에게 보낸 편지를 통해 조마리아 여사님이 민족의 영웅을 훌륭히 길러내셨음을 알 수 있었다. 부모의 역할을 생각하게 해 주는 영화. 역사 교육을 위해 부모가 자녀에게 보여주어야 할 영화. 조국 독립을 위해 목숨을 바친 모든 분들께 감사드립니다.,10
폴라 익스프레스,어릴때 봤던 추억의 영화 어른이 되어 다시봐도 영상미 전개 스토리 어느하니 빠지지않는 명작 하지만 불쾌한골짜기 하지만! 나는 너무 재밌었음 핫초코마시면서 봐야함!!!!,10
신비아파트 극장판 차원도깨비와 7개의 세계,코비 돌려내 어나더 자식아진짜너무슬프다 키비는 괜찮을까 코비 그리워하는 게 너무슬프다진짜로 어나더는 인성왜그러지...짜증이난다 두리랑 하리도 친하게 지냈으면 좋겟다 어나더가 코비대신 2번 죽았으면 좋겟다 진짜 어나더좀 없애주세요,10
레전드,"톰하디 쇼츠때문에 이 영화 보게됨.재미없다해서, 그냥 톰하디나 보자는 마음으로 아무 기대 없이 봤는데,진짜 재밌네요.지루하다는데, 시간순삭이었음.평점이 낮은게 노이해.",10
특송,연기 액션 이 재일재미있다,8
영웅,"훌륭한 연기, 훌륭한 노래, 등 완벽한 감동에 윤재균의 시그니처를 넣은 영화. 뮤지컬의 팬으로써 볼만함",8
나 홀로 집에,"아...그 옛날 1990년 당시의 코믹 가족극....벌써 33년전이다. 이 영화가 얼마나 많이 인구에 회자가 되었는가. FULL로 다 보기는 사실 처음이다. 영화가 따끈했고 가족의 의미를 다시금 돌아보게 했다. 어린 케빈은 연기를 잘 해냈다. 그리고 각본도 괜찮았다. 도둑들을 상대로 한 기발한 아이디어의 소품 싸움이 이 영화를 즐겁게 보게 만든다. 마치 어린 맥가이버를 본 듯한 느낌. 이 영화는 그때 정말 화제가 만발했었던 필름이기도 하다. 33년 후에 봐도 질리는 느낌이 없다. 이런 느낌은 스타워즈4,5를 봤을 때의 느낌하고 동일하다. 스타워즈4,5는 두고두고 봐도 질리는 영화가 아니기 때문이다. 크리스 콜럼버스 감독은 코믹한 아동극 가족극을 잘 연출한다. 제작 기획자가 폴리스 아카데미 시리즈의 존 휴즈 아닌가. 이후 주연 맥컬리 컬킨은 성장기에서 아주 심한 혹독한 굴곡 장애를 겪었다. 이는 E.T.(1982)의 드류 베리모어와 같은 유형이다. 맥컬리 컬킨은 초심을 잃지 않았다면 성장기가 좀 낫지 않았을까.",8
아바타: 물의 길,신세계다. 현재 기술로 구현가능한 최고의 영화. 남녀노소 모두에게 추천합니다,10
아바타: 물의 길,너무 예쁘고 신비한 바다여행을 하는 것 같습니다. 꼭 보세요. 진짜 3시간이 30분 같아요.,10
영웅,연기는 좋은데 개연성 부족하고 연출이 허접한 느낌이라 별점이 높은게 신기하네요,4
리멤버,"반전이 슬펐던 영화 , 110분 좋았다가 마지막 10분동안 안타까워 지는 영화. 나름 볼만 했음 추천함!!",10
영웅,진짜 많이 울었습니다 이분들이 있어우리가 있네요ㅠ,10
"오늘 밤, 세계에서 이 사랑이 사라진다 해도",영화를 본 내 기억을 지워줬으면,2
아바타: 물의 길,물속에서 교감하는 거 힐링 ,10
영웅,눈물 광광 흘리면서 봤어요ㅠ 재미있고 감동있고 슬프고 다 하는 영화!,10
블랙 아담,빼어난 히어로물까진 아니어도 이렇게 1편만으로 끝내긴 아쉬운데 쩝;;,6
뷰티 인사이드,설정 자체의 무리수에 억지 감동 억지 교훈 굳이 굳이 여주인공 입에서 내가 사랑하는건 너안에 있는 사람이라는 촌스런 대사까지 진짜 시간이 참 아까운 영화였습니다.,1
아바타: 물의 길,"1. 실로 경이로운 영상, 관람이 아니라 나비족과 함께 판도라를 체험한다.2. 다양해진 캐릭터와 배경, 그에 따라 추가된 각자의 서사. 펼처놓은 이야기는 많으나 그 깊이가 전작보다 얕다. 아마도 3,4,5편을 통해 더욱 심화되고 확장될 듯.3. 다문화 가정을 표방한 가족의 형태, 자아정체성, 자연과 문명의 대립과 공존 등 여러 주제를 담고있다. 물론 전편과 동일하게 인간=악, 나비족=선의 구도로 권선징악의 큰 틀 안에서 풀어낸다.4. 아바타 세계관을 창조하고 스크린으로 구현해낸 제임스 카메론 감독에게 아낌없는 박수를...",10
아바타: 물의 길,타이타닉 감독이라 그런지 배가 침물할 때 타이타닉 생각나기는 했어요 또 가족이 소중히 여길 때 알리타 생각나기도 했구요,10
영웅,제발 부디... 감독판 니오면 좋겠네요...윤제균 감독 스타일의 유머와 김고은씨만 빼면... 설희역에 박진주 배우였다면 더 좋지 않았을까 생각 드네요. 부디 감독판에서는 유머빼고 처음부터 끝까지 보다가 탈진하더라도 좋으니 대한민국 역사에 남을만한 감독판 영웅 부탁드립니다 제발 ㅎㅎ,9
영웅,너무 감동적인 영화였습니다!,10
영웅,꼭 모두 봤으면 좋겠어요 ㅜㅜ 먹먹했습니다..,10
아바타: 물의 길,그냥저냥 볼만합니다,9
영웅,인과관계의 구성이 너무 단순해서 아쉽다,8
아바타: 물의 길,다신 안봄 카메론 감떨어진듯,2
영웅,간혹 나오는 웃음소재가 어색할때도 있었음.,8
영웅,처음으로 댓글 씁니다.최고의 영화이자 최고의 연출과 출연진입니다.정말 아직 까지도 여운이 가시지가 않네요.마지막 나문희 선생님의 연기가잊혀지지 않을 것 같아요.,10
아바타: 물의 길,13년 전 추억을 되찾으러 왔고 그 13년의 추억을 제대로 보답함 너무 좋았음 그래픽? 연출? 이건 말은 안해도 알거라고 봅니다,10
영웅,죽을 때 부르고 울면서 부르고 귀가 피곤함정성화와 이토가 부르는 영화,2
올빼미,그냥 그냥 봐야함 진짜 그냥 보셈 그냥 봐 너무감동적임 내가이걸봤다는게 너무 감동적이고 약간 인생의업적?임,10
와이키키 브라더스,한국에서 밴드하기가 이렇게 힘듭니다 ㅋㅋ,10
데시벨,이정도면 잘만든것같고전반적인 흐름도 좋았네요좀더 반전이있었다면 더좋았을거같고배우들 연기다좋았고해군가고싶네ㅋ,10
영웅,리틀보이 펫맨 대한독립만세 미국만세 ,6
산타킬러스,액션 연기하는 멜깁슨을 다시 보는 것만으로도 4050에게는 큰 감동입니다. ,8
눈의 여왕5: 스노우 프린세스와 미러랜드의 비밀,"아일라 공주의 실수로 사악한 얼음 정령들이 봉인된 미러랜드의 거울호수가 열리고 탈출한 얼음 정령들은 미러랜드 밖 인간세계까지,온 세상을 꽁꽁 얼려버리려 한다. 아일라 공주는 용감한 겔다와 카이 남매를 찾아 난생처음 바깥세상으로 모험을 떠나고, 우연히 다시 만난 로렌과 해적단까지 힘을 더하지만 피할 수 없는 위험에 처한다.",10
영웅,노래도 완전 좋고 스토리도 너무 좋아요 연기를 다 어찌그래 잘하시는지 보는내내 눈물이 흘렀네요...ㅠ,10
영웅,진짜 너무 감명깊은 영화였습니다 웃고 울고ㅜㅜ집에와서도 여운이 가시지안네여,10
아바타: 물의 길,스토리는 어느정도 예상 가능하게 흘러감. 중간에 좀 졸뻔했지만 후반은 엄청 집중해서 봄. 좀 짧게 임팩트 있게했어도 더 나았을 듯 ,6
영웅,위국헌신군인본분군인은 나라를 위해 마땅히 목숨을 바쳐야한다.감사합니다..,10
올빼미,22년도 하반기 영화 중 최고였습니다....안봤으면 꼬옥 보세요 진짜 유해진 얼굴만 봐도이제 지릴 것 같아요,10
아바타: 물의 길,유치한 스팩터클,6
영웅,"어머니,아버지 그리고 남편과 함께 관람하였습니다. 평소 러닝타임 동안 영화에 집중을 잘 못하시는 어머니께서 영웅은 처음부터 끝까지 한 컷 놓치지 않으시고 관람하셨습니다. 영화가 끝나고서도 여운이 길게 남아 쉽사리 자리를 떠나지 못 하는 분위기였습니다. 마지막 장면의 글귀가 제일 기억에 남네요..당연히 지금이라도 우리들 가까이 독립된 땅에서 후손들을 바라보며 곁에서 이제는 편안하게 쉬고 계실거라 생각한 제 자신을 반성합니다..대한민국에 사는 어린아이들부터 어른들까지 잊어서는 아니 잊혀지면 안 될 가슴아픈 역사의 순간들을 영화를 통하여 다시금 일깨울 수 있는 시간을 가지시길 바랍니다. 기억하겠습니다.",10
아바타: 물의 길,재미 ㅈㄴㅇㅇ 절대보지마셈 돈 아깝고 시간 아까움 ㅋㅋ,1
더 킬러: 죽어도 되는 아이,재밌음 이런 영화가 있는줄 몰랐네요 ㅜ,10
영웅,잊지않겠습니다. 감사합니다.,10
아바타: 물의 길,굿~~~~최고입니다,10
아바타: 물의 길,....망작... 3은 안볼것같다..,2
하녀,결말이 조금 놀라우면서 뜸금없네요 ㅜ ㅜ,8
영웅,천만영화가 되길 기원합니다감동의 물결 엔차관람 합니다,10
영웅,소름끼치는 노래~뮤지컬영화 대박인듯~감동받았어요~,10
아바타: 물의 길,돌비시네마 3d로 오늘 보고 왔어요.돈이 아깝지가 않았어요. ,10
영웅,평소 뮤지컬영화를 좋아하지 않아 큰 기대하지 않고 봤는데 영화에서 노래를 들으며 느껴지는 감동이 컸습니다. 안중근 의사의 거사에 대해 다시 한 번 알게 되어서 좋았어요 꼭 보세요,10
탑건: 매버릭,늦게나마 보게되서 다행이다...최고다!!!,10
신과함께-죄와 벌,한국형 신파라고 영화자체를 낮게 치부하기에는 너무 명작 중에 명작 ,10
올빼미,기대없이 봤던 영화인데 생각보다 너무 재밌었어요. ,10
아바타: 물의 길,역시 제임스 카메룬입니다. 스킨스쿠바를 하는 저 같은 사람들에 딱 좋아할만한 아름다운 바다속 풍경을 멋지게 그렸네요.너무 멋있네요. 한번 더 봐야할 듯..,10
영웅,너무 감동적으로 봤습니다적극 추천  드립니다,10
백악관 최후의 날,완전 재밌음 평점 낮은게 이해 불가임,10
영웅,나문희 선생님의 노래에서 펑펑 울었어요 ㅠㅠ 우리나라 독립에 목숨받친 조상님들께 정말 감사하며 살아가야겠어요 ㅠㅠ,10
아바타: 물의 길,3시간이 지루하지 않을만큼 볼 거리가 많은 영화,10
자백,반전에 반전에 반전. . 100분가량이의 시간이 순식간에 지나갔다,9
아바타: 물의 길,“크아아악”사랑.상생.보호,10
아바타: 물의 길,하... 10년을 기대했는데.. 솔직히 막 지루하진 읺음.. 근데 여운과 스토리텔링과 스펙타클함이 하나도없음.. 제임스카메룬한테 처음으로 대실망한 영화.  22년 블록버스터 대충 생각나는 것중에서 나열하면 스파이더맨 &amp;gt;&amp;gt;&amp;gt;&amp;gt; 아바타2 &amp;gt;&amp;gt;&amp;gt;&amp;gt;닥스 토르 등,4
영웅,김고은 시간멈추는파트부분 알라딘 speechless 부분이랑 너무 똑같던데요ㅋㅋ 필요없을거같은 부분에서도 노래가 나와서 몰입도 좀깨지고.. 배우들 노래는 잘하는거말곤 좀 ..,5
연애의 온도,보는 내내 너생각밖에 안나더라,10
나이브스 아웃: 글래스 어니언,"1편에 비해서...,ㅜㅜ",4
영웅,정말 오랜만에 영화다운 영화본거같아요. 이런 퀄리티를 감히 영화로 봐도 되는걸까? 싶은 영화였습니다. 재미 감동 슬픔 세박자가 진심으로 완벽했어요.,10
아바타: 물의 길,재밌게 잘봤습니다!!,9
헌트,알바생들 많네 팩트만 이야기 하자 스토리 전개가 너무 부실하네 뻔한 반전,3
보디가드,휘트니 휴스턴이 다 한 영화,6
20세기 소녀,풋풋한 사랑이야기??보고나면 기분 좋아지는 영화네요,10
너의 이름은.,"최근 들어서 본 영화 중에서 최고이고 스토리의 전개방식 그리고 작화 ost가 너무나 좋고 하지만, 영화를 보다보니 끝에 마무리가 조금 아쉽습니다. 그거 빼고는 강추 드립니다",10
아바타: 물의 길,4dx강추 영상미가 내인생 최고,10
영웅,ㅜㅜㅜ 오열했습니다ㅜㅜㅜ,10
"오늘 밤, 세계에서 이 사랑이 사라진다 해도",진짜 토루 죽었을 때부터 끝날때까지 계속 울었음 진짜 재미있고 그냥 스토리 레전드임 그냥 겁나 슬프고 재밌음,10
"오늘 밤, 세계에서 이 사랑이 사라진다 해도",아직도 오갱끼데스까 적 일본갬성... 미세먼지 낀 듯한 영상미..난 항마력 딸려서 모르겠다 ㅋㅋㅋㅋ,2
영화는 영화다,김기덕 싫어하는데... 어쩔 수가 없는 수작.,8
라 비 앙 로즈,스토리가 좀 지루했다,6
아바타: 물의 길,3D어지러워서 못보는데... 이건 정말 대박입니다^^ 보통 앞자리 잘 안하는데 늦게예매해서 앞에서 세번째 앉았는데도 더 좋았어요 정말 환상 그 잡채 !!!,10
아바타: 물의 길,역대급 영화입니다. 3시간이 전혀 지루하지 않게 지나갔네요. 영상미가 엄청납니다.,10
아바타: 물의 길,모든 영화관람비가 동일하다는건 불공평하다는걸 아바타를 보고 느꼈습니다. 감독에게 팁을 줄 수 있다면 주고 싶은 영화. 영화기술의 성장과 현재가 2022년이라는걸 실감나게 하는 연출과 CG 디테일 ... 3시간이였지만 산호초족속과 3개월간 함께 동거동락한 기분입니다. 역대 최대의 작품,10
데시벨,영화를 발로 만들었나 근래 본 영화 중 최악 스토리도 어디서 본듯한 짜집기 배우들 연기도 겉돌아 몰입감 1도 안생김  ,1
영웅,"꼭 알아야할 역사도 되새기고, 배우들 연기 노래 다 좋았네요 눈물은 덤으로 줄줄,, ",10
"오늘 밤, 세계에서 이 사랑이 사라진다 해도",이게 뭐냐 진짜 돈만 날렸네,1
압꾸정,마요미 코믹 연기 재미없어요..,2
영웅,박진주가 의외로 최고의 캐스팅이다. 16살 소녀를 완벽하게 연기하면서 그 나이에 배우들이 부를수 없는 감성으로 노래를 부른다. 연출이 아쉬운 점은 분명 있지만 배우들의 연기와 노래가 커버함. 마지막에 흐르는 장부가는 절대 잊지 못할것같다,10
스윙키즈,"&amp;#34;빌어먹을 이념 따위&amp;#34; 이 한마디가 모든걸 설명하고, 이한마디가 내용인 영화",10
영웅,정말 리얼한 연기에 감동 또 감동,10
영웅,안중근의사의 역사적 사실을 너무도 감동적으로 묘사한 영웅~영화보는 내내 눈을 뗄수없는 명장면들과 배우들의 열연과 노래의 가사들~ 다시금 우리 역사속 열사들의 가슴뜨거운 조국사랑을 느끼게끔해주는 소중한 시간이었습니다~ 영화보고냐후 영웅 ost계속 듣고있어요~ 들을때마다 영화속 장면이  떠오르면 다시 벅차오르네요~ 정말 감동적인 명화였습니다^^,10
아바타: 물의 길,이게 재밌냐 진짜 ㅋㅋ 양키갬성,1
"나니아 연대기 - 사자, 마녀 그리고 옷장","그냥 오래된 영화인데도 불구하고CG 대박이다,,",10
아바타: 물의 길,진짜 미친 것 같다….10점만점에 100점 주고싶다.아름답고 경이롭고 환상적이다.,10
영웅,솔직히... 뮤지컬을 전문하는 배우가 아니더라도 노래들을 너무 못하고 공감성 수치심 느껴지는 부분이 너무 많아서 중간에 도망가고 싶었어요. 같이 보는 친구가 말려서 참고 봤어요. 노래 실력도 실력이지만 솔직히 이정도 밖에 못하나? 싶었어요. 누군가는 1만원에 정성화 영웅을 봐서 아깝지 않다고 하지만 저는 돈도 돈이고 시간이 너무 아까웠습니다. ,6
영웅,역시나 원작에서 말 많았던 스토리전개... 연기 하나로 커버하기엔 역부족... ,8
아바타: 물의 길,A가 납치되면 B가 들어가고 다시 C가 들어가고A가나오면 다시들어가고제대로된 스토리가 없다,5
영웅,노래도 좋고 연기도 좋고 ,10
시,미자가 시상을 적던 노트에는 오백만원을 요구하는 글귀를 적게된다. 미자는 삶의 앞에 놓인 것들을 사과처럼 고스란히 직면하고 아파한다. 그녀는 죽은 소녀의 발자취를 따라가보고 소녀의 엄마를 만나며 아파한다. 그냥 먹는것이라 치부했던 사과를 결국 자세히 직면하고 마주하고 살아낸 그녀는 시를 완성하게 된다.,10
영웅,올해 본 최고의 영화 지나온 역사에 대한 감동과 감사를 되새길 수 있는 영화 안중근 열사님과 다른 독립운동가를 딱딱하지 않게 파고들 수 있는 영화! 한국인이라면 꼭.. 봐야 할 영화라고 생각합니다!,10
영웅,처음 리뷰쓴다 최고입니다,10
아바타: 물의 길,여기 리뷰들 다 알바쓰나?욜만에 극장에서 졸았다,6
아바타: 물의 길,첫째로써 첫째의 서러움을 느끼며 울었음..,10
페르시아어 수업,"오로지 살아남기 위해 탄생한, 세상 오직 두 사람만 이해하는 언어.",6
아바타: 물의 길,Cg와 그래픽기술에 황홀,10
아바타: 물의 길,춥고 귀찮다고 동네에서 보면 후회함  무조건 화면 크고 화질좋은 극장 아이맥스  3D로 보세요 ,10
영웅,너무 감동적이였어요 강추에요 많은 사람들이 꼭 봤으면 좋겠어요,10
영웅,&amp;#39;뮤지컬영화&amp;#39;의 편견을 깨게 해주는 영화네요! 시작부터 압도감과 배우들의 열연 &amp; 노래가 감동을 더욱 배가 시켜주네요. 덕분에 폭풍오열하면서 봤어요ㅠㅠ 정성화 배우님 팬됐습니다~^^ 크리스찬이라면 더욱 강추합니다!!,10
영웅,너무 감동이었습니다.첫째하고 울면서 봤어요,10
영웅,역대 최고였음 이런영화가 많았으면 합니다 ..,10
나이브스 아웃: 글래스 어니언,1편보다 더 정리된 연출이 눈길을 끌었다,9
영웅,뮤지컬과 다른 감동이 있습니다.,10
올빼미,역사 속의 의문점이 남는 이야기를 흥미로운 스토리로 표현한 재미있게 볼ㅅ수 있는 영화인듯 합니다.,9
"오늘 밤, 세계에서 이 사랑이 사라진다 해도",원작소설은 읽어본 사람들만 이해하겠지만원래 소설 중반부에 가미아 토루가 히노와 학교에 버려진 자전거를 고쳐타게 되고 그 다음날도  토루가 다음날의 히노를 행복하게 해주기 위해 자전거를 타는 일상이 몇일간 반복되는 등의 토루가 히노를 위해 행복한 날들을 만들어주는 내용이 존재하지만 영화에는 내용전개와 몰입을 위한 꼭 넣었어야 할 부분들이 삭제되어 있다. 이에 더불어 원작소설 또한 스토리 후반에 충분히 급전개라서 많이 아쉬웠지만 소설은 내가 원하는 대로 조금씩 음미하며 속도 조절을 하며 읽을 수 있는 반면 영화는 내가 원하는대로 속도 조절을 하며 볼 수 없음에도 불구하고 영화는 후반부가 원작 소설에 비해 더욱 급전개다. 이 영화는 3시간이 넘더라도 내용을 탄탄하게 제작되었으면 정말 좋았겠지만 너무나도 빠른 전개로 인해 소설을 읽고난 후 거의 반년을 이 영화가 상영하길 기다렸던 나는 슬픔에 빠질 새도 없이 영화가 끝나버리는 바람에 허무한 내 7개월이 날아가 버렸다는 사실에 허탈했다.이 영화는 소설을 읽지 않은 사람들만 찍먹하는 느낌으로 감상하길 바라며 소설을 이미 읽은 사람들은 나중에 ott서비스로 시청하길 권장한다. ,6
영웅,살면서 영화관에서 영화보고 운거 처음이다 ㅅㅂ...,10
"오늘 밤, 세계에서 이 사랑이 사라진다 해도",스포 안 보고 봐야 진짜 재밌어요,10
폴링 포 크리스마스,내용이 하도 촌스러워 20년은 됐나했는데 린제이로한이 너무 늙어서 봤더니 올해영화임. 엄마인줄 알았은데 예쁜 여주역할이어서 충격.내용은 온갖 클리셰 범벅임. 분명 어디서 여러번 본 영화들을 짬뽕해놨음. ,2
아바타: 물의 길,CG가 상당히 야무지긴하네,10
영웅,배우들의 연기가 너무 감동적이에요. 영화가 시작되자마자 몰입도가 장난아닙니다. ,10
"오늘 밤, 세계에서 이 사랑이 사라진다 해도",볼만했어요 개인차겠지만 부산행이 더 슬펐음,7
영웅,영웅 뮤지컬도 한번 봐야겠다고 생각할정도로 완성도 높고 완벽한 작품이였습니다 ..정말 역사를 잊은 민족에게 미래는 없습니다 .꼭 보세요 !,10
영웅,"나는 역사를 배우는 걸 좋아하는 고등학생으로,친구의 추천으로 함께 보러 갔다.안중근 의사의 이야기길래 우리가 흔히 아는 이야기겠거니 했다.그러나 영화만의 독특한 픽션과 그 속에 숨겨진 다른 사람들의 이야기도 엿볼 수 있었다.특히 나는 안중근 의사와 독립운동가 분들이 ’ 우리의 후손을 위해 . . . ‘ 라고 하는 부분이 정말 인상 깊었다. 조국을 위해 목숨까지 내놓은 사람들이 셀 수 없이 많았구나 생각했다.제국주의 식민지 역사는 양쪽 국가의 정말 많은 사람들의 희생이 있었다는걸 다시 한 번 깨달았다.이 분들을 내가 한국사 시간에 만날 수 있었다는 걸 더욱 감사하게 생각하게 됐다. 나는 알게 되었다.우리같은 학생들이 배우는 한국사 과목은‘학문’ 아니라,같은 민족으로서 꼭 알아야할 ‘도리’ 라는 것을.우리를 위해 목숨을 바친 선조들을 위해내가 할 수 있는 가장 쉬우면서도당연한 것이란 것을.",10
영웅,아바타보다 훨 재밌고 여운이 짙음,10
올빼미,형새끼가 자서 잘 집중은 안됐지만 마지ㅏㄱ 부분에서 소름이 돋고 감명깊었던 영화였습니다,10
슬럼버랜드,진짜 어떻게 이런영화를 만들지..싶을정도로 감명깊었고 삶에 큰 위로가 되었어요 꼭보세요... ㅠㅜㅜ,10
아바타: 물의 길,아바타가 아바타했네!!!!,10
헤어질 결심,좋게 보다가 김신영 보고 저도 모르게 쌍욕이 나오고 몰입이 깨져서 1점 드립니다.,1
인생은 아름다워,"신파 싫어하는데, 이건 신파가 아니라 그냥 자꾸 어디서 올라오는 슬픔이 큼. 영화 제목처럼 슬프고 밝은 느낌 그대로. 좋은영화다",9
아바타: 물의 길,일단 봐 개꿀잼 세시간반 순삭 ,10
영웅,학교에서 교육용으로 틀어줘야할듯,10
영웅,"노래가 좋긴한데 너무 많이 불러요 5분만에 한번씩 부르는듯 김고은 기차타고 갈때 또 부르진 않겠지했는데,, 스토리전개도 좀 느리고 cg티도 넘 많이 나고",7
스위니 토드: 어느 잔혹한 이발사 이야기,스릴러팬으로.. 인생작이예요,10
영웅,영화 시작부터 끝날때까지 계속 울었던거 같아요.보면서 역사를 잊고 살았다는 생각이 들어서 죄책감이 들더라고요..중간중간 웃음포인트도 있고 스토리도 괜찮았어요. 장면 전환이 조금 독특했는지 계속 기억나네요. ,10
아바타: 물의 길,2번 보고 두번 다 굉굉울었어요ㅠ 다음편도 기대중입니다,10
아바타: 물의 길,재미없다들어도 그래도 오랜만 아바타나와서 보러갔는데 기대안했는데도 재미없음 ㄹㅇ 누가 다큐멘터리본것같다는 글 기억이나는데 진짜임.... 재미 감동 둘다없음,1
영웅,오랫만에 좋은 영화 잘 보고 왔습니다,10
영웅,영화관에서 안보면 후회함!!,10
히트맨,"방금 ocn에서 봤네요. 와... 왜 이런 영화를 몰랐지??? 정말 재밌게 봤습니다. 코믹액션 영화던데 장르가 그렇다고 해서 액션이 유치하거나 어설프지도 않고 여느 액션영화 못지 않는 액션을 보여주고, 소위 유치뽕짝이라고 하죠? 큰 생각 없이도 쉽게 푸풉 하며 웃을 수 있는 포인트가 액션을 가리지 않게 요소요소 배치되어서 밸런스를 유지해 주는 것도 좋았습니다. 개그를 개그로 받아들이는 분들이라면 정말 재밌게 보실 수 있는 영화라 생각됩니다. 황우슬예 너무 예쁩니다^^",8
스마일,꼭 보세요. 아무것도 읽지말고.,10
영웅,레미제라블 + 알라딘 + 올드한 코믹 장르가 복합된 영화.안중근이라는 소재를 가지고 어쩜 이렇게 영화를 만들 수 있나.중대한 상황에서도 시덥지 않은 농담들에 탄식이 절로 나온다 ㅎ...상황과 전혀 어울리지 않는 욕들...안중근 얼굴을 보고 웃어야 할지 울어야 할지 모르는 상황이 연출된다.진지하게 영화를 끝까지 이어갔으면 어땠을까.4점은 오로지 연기와 노래로 승부한 배우들을 위한 별점일뿐.스토리와 연출에 고개만 갸웃거리다 나왔다.,4
아바타: 물의 길,재밌게봤다 음..영상미는  좋았다,10
영웅,"한편의 뮤지컬보는 느낌으로 영화가 시작이 되었고,내용도 잘 만들어져서 감동적으로 보았습니다. 연기자분들도 심취해서 영화를 만든게 눈에 보였습니다. 영화보는 내내 중간중간에도 눈물이 나와 눈물 다씪기 바빴네요. 감동적입니다",10
아바타: 물의 길,딱 한 줄로 정리하자면 아바타가 아바타했다 ,10
올빼미,진짜... 연기 믿고 보세요 연기가 미쳤어요,10
영웅,스토리는 대부분 사람들이 아는내용이니 뻔한 영화라고 생각하겠지만 막상 보면 노래부분에서나 연기부분에서 정말 마음속으로 관람하길 잘했다를 외치는 영화.. 배우분들의 쩌는 연기+노래가 더해지니 웅장할 수 밖에 없는 영화인것 같아요.. 노래가 기대 이상보다 웅장 했어요 ,10
영웅,아쉬운 부분도 있지만 한국인이라면~ 봐야죠! 창작뮤지컬을 영화로 만들어주셔서 감사합니다 감독님! 넘버들 넘 좋습니다! ,10
영웅,김고은 너무 노래 잘해요.ㅠㅠ감동...,10
아바타: 물의 길,이거 3시간 길다 지루하다 입맛대로 입놀린 사람들 나랑 다른 영화본거임?퀄리티는 무슨 10년뒤 영화 보는듯했고연기? 애들 연기하는거보고 내가 뭉클해졌음 네이티리 우는거보고 ㅈㄴ 펑펑울었다 ,10
영웅,안중근 그가 있었기에 지금의 우리나라는 존재하는 것입니다. 잊지말아야 합니다.,10
영웅,스토리와 전달하려는 감정은 정말 좋았음 근데 장르가 우리나라에 익숙하지 않은 뮤지컬 영화라 그런지 배우분들의 연기 도중에 노래로 이어지는 부분에서 미숙한 부분이 많았음,10
아바타: 물의 길,너무길다고 하는사람들은 그냥 대충 시간 때우거나 관심없는사람들이 유명해지니까 본거.. ,10
리틀 포레스트,김태리의 인생을 써내려가는 것에서모티베이트 ㅆㄱㄴ,10
아바타: 물의 길,영상미가 진짜 미쳤습니다... 스토리 구성에도 놀라고 진짜 이건... 꼭 보세요 돈과 시간이 아깝지 않습니다!!!,10
라스트 크리스마스,캐릭터가 싹다 비호감임캐릭터 설정 왜저렇게 했는지 보는 내내 빡침;민폐남녀,1
기예르모 델토로의 피노키오,기예르모 델토로가 만든 스톱모션 애니메이션을 넷플릭스 한정으로 공개하는게 너무 아깝다,9
신비아파트 극장판 차원도깨비와 7개의 세계,신비아파트시리즈중 젤 스토리가 괜찮은듯요사실 어른이봐도 잼났네요;ㅋㅋ,10
올빼미,"오늘 보고 왔는데 !!계속 생각나는 영!화!는 또 오랜만입니당,, 너무 재밌게 봤어요",10
아바타: 물의 길,재밌어서 계속 보고싶다,10
아바타: 물의 길,"내용보통, 영상미 압도",10
아바타: 물의 길,10점 주려고 왔습니다,10
"오늘 밤, 세계에서 이 사랑이 사라진다 해도",마지막쯤에 여주 친구가 울때 음악없이 우는 소리만 나올때 너무 슬프고 몰입도 올라갔음,9
영웅,우리 나라 사람이면 꼭 봐야할 영화....,10
아메리칸 패스토럴,정치적 신념으로 인해 가족이 분열되는 것은 안타까운 일이다.. 이념보다 중요한 것은 서로의 사랑인데.. 영화는 전반적으로 좀 질린편이다..ㅋ,8
아바타: 물의 길,영상과 기술력은 10점스토리/개연성은 4점,7
영웅,무슨말이필요 할까요,10
아바타: 물의 길,믿고 보는 아바타 입니다,10
테이큰,정말 지루하지않고 끝까지 긴장감을 놓을수없었던 영화 시간가는줄도 모르고 보았네요,10
아바타: 물의 길,전쟁씬 너무 아쉬웠다 ㄹㅇ 진짜 어릴때 아바타1 전쟁씬 보고 겁나 좋아했는데 이번편은 좀 아쉬웠음 그리고 둘째 아들 말좀 듣어라!!!,3
아바타: 물의 길,언제 3시간 지난거누....,10
영웅,관람중에 가슴이 뭉클하였습니다.,10
영웅,가슴이 먹먹하고  감사한 영화였습니다또 보고싶어요,10
두 교황,"재미 있을 만한 게 별로 없었던 것 같은데, 흐뭇하게 재미있음. 이유는 설명하기 어려움. ",8
올빼미,연기에 할 말을 잃었다. 간만에 몰입하고 집중하게 만드는 시간이었다.,10
"오늘 밤, 세계에서 이 사랑이 사라진다 해도",으아 진짜ㅜㅜㅜ너무 재밌고요 로맨스라해서 별로 안슬프겠지 하고 봤는데 슬퍼서 눈물이 찔끔...토루가 죽는거 빌드업 쌓는거보고 슬펐구요...마오리??였나 여주한테 여주친구가 진짜로 여주가 쓴 일기 가져다주는거보고 또한번 슬펐구요...토루 누나가 직접 토루이름 없애는거보고 다시 슬펐습니다...근데 제 원픽장면은 불꽃놀이에서 3번째약속을 깨도 되냐고 물어본 장면이 원픽...,10
아바타: 물의 길,많은 메세지들이 담겨져 있는데 그런것들이 뻔하지않고 마음에 울림을 주어서 너무 재밌게 잘 봤어요! 고퀄리티 연출효과는 말할 것도 없구요!! 세시간이 삼십분같이 느껴지는 마법,10
에브리씽 에브리웨어 올 앳 원스,글쎄요. 생각보다 의외로 내내 난해하고 병맛이고 조잡하기만 했던 영화였습니다. 마지막은 억지 감동. 굉장히 정신없어서 좇아가느라 에너지 엄청 소모되는 영화.,6
탐정: 리턴즈,ㅋㅋㅋ 어린애들영화냐? 아니면 감독이 어린이?,2
아바타: 물의 길,2D로 봤는데 너무 재밌게 잘 봤어요…ㅜㅜ아직더 여운이 있네요.,10
영웅,우리나라에서도 이렇게 완성도 높은 뮤지컬 영화가 나오다니 감동이에요 ,10
올빼미,"극에서 가장 중요한 사건이 벌어지는 정도의 순간 까지는 긴장감도 유지되고 괜찮았는데, 그 이후부터는 맥빠지고 웃기지도 않는 서사가 연속됨. 비판하는척 즐길거리로 썼다는 말이 딱 어울리는 정도.",6
영웅,배우들의 연기와 노래가 너무 좋았다. 중간에 사람을 울컥하게 만드는 포인트가 있어서 몇 번을 울었는지 모르겠다. 좋은 뮤지컬 영화를 만들어준 감독에게 감사하다.,10
영웅,정말 재미있게 보고나왔습니다 ,10
영웅,김고은님 노래너무좋고 .뮤지컬보단 감동이 덜하지만..  너무 좋앗습니다 . 초등아이들도 너무 감동적으로 잘봣습니다.,10
올빼미,"류준열, 유해진 연기 대박!!!",9
영웅,"마지막 빼고는 기억에 남지 않는다. 완전 재미없지만 않지만, 노래 나올때는 눈 감고 좀 잤다. 적어도 싱크는 좀 맞추지... 좀 아수움이 남는다.",8
영웅,이런영화는.. 봐야합니다..,10
올빼미,오랜만에 잘빠진영화 보는느낌,10
영웅,국짐당들 필수로 관람했으면 좋겠네요.이런영화가  천만가야  마땅합니다.,10
RRR: 라이즈 로어 리볼트,이런 영화 사랑합니다... 영화적 허용이 있는 액션이지만 스토리 구성도 좋고 연기도 좋아요 라주 잘생김,10
영웅,무슨 말이 더 필요한지 모를 영화국내에서 생소한 뮤지컬영화라 조금은 뚝딱거리지만 의미 없는 불편함,10
아바타: 물의 길,너무 재밌고 이거 재미없다는 사람 사이코패스임,10
아바타: 물의 길,사실상 후반 3~40분 가량을 제외한 시간은 수중 생태 다큐에 불과,4
아바타: 물의 길,다소 스토리는 아쉽지만 눈뽕은 제대로네요. 경이로워요 새로운 행성을 보고온 느낌,10
영웅,그냥 잘됬으면 좋겠어요 ,10
아바타: 물의 길,I see you James Cameron,10
아바타: 물의 길,세시간내내 몰입해서 봤어요!,10
아바타: 물의 길,크리스마스 날 황홀경을 선사해주셔서 감사해요.,10
영웅,진짜 보면서 울어서요 너무 재미고 배우님들 연기 정말 대단해요 ,10
아바타: 물의 길,소재를 뛰어 넘기에는 평범한 내용 그리고 상향평준화된 상황에 체감하기 힘든 영상미 그리고 너무나도 길었던 3시간은 생각보다 지루했다. ,6
어바웃 리키,현대 미국사회와 가정의 문제를 보여주다가 훈훈하게 감동적으로 끝나는 괜찮은 영화. 메릴 스트립의 연기와 노래솜씨가 좋다.,8
아바타: 물의 길,제임스 카메론감독이 일부러 이 시기를 골라서 개봉을 하지 않았을까 하는 생각이 들었다. 많은 사람들이 더더욱 영화를 통해 전쟁과 무력이 얼마나 불필요한 것임을 혹은 무서운 것이라는 것을 알기를 바란다.,9
아바타: 물의 길,아 진짜 너무너무너무 기대하고 갔는데 고구마만 500만개 먹은 기분입니다근데 영상미는 진짜 볼만합니다뭔가 너무 어거지고 암튼 좀 실망입니다,6
아바타: 물의 길,1점도 아까운 시즌1의 몰락,1
영웅,4식구 뮤지컬로 만든 영화지만 너무 감동적이고 배우들 연기력 노래 다 갖춰진 크리스마스때 뜻깊은 하루가 되었습니다…꼭 보세요…,10
강철비2: 정상회담,1점도 아깝다 이게 영화냐 ?,1
아바타: 물의 길,스릴도없구  밋밋한영화 스토리도 없는  극장간거 후회합니다  ,2
영웅,역사를 잊은 민족에겐 미래란 없습니다. 정말로요.,10
폴링 포 크리스마스,스토리도 분위기도 만점,8
영웅,꼭 보세요. 감동과 눈물에서 헤어나올 수가 없네요. 영화 두번 보러갈꺼구요. 뮤지컬도 보러가려구요.,10
영웅,근래에 본 영화중 젤 재밌게 봤습니다~,10
나이브스 아웃: 글래스 어니언,"1편을 너무 재밌게 봐서 2편도 기대했는데 초반에는 살짝 지루했지만 역시 스토리와 연기, 연출 모두 훌륭한 영화였어요! 1편의 반전은 아예 예상 못한 반전이었다면 2편은 어느 정도 예상은 가능했지만 초반의 지루함을 아예 반전시키는 인물 전환이 좋았어요! 2인을 연기한 여주의 연기가 좋았읍니다",8
영웅,연기도대박. 몰입도대박 울면서 보았습니다. 조국을 갖게해주셔서 감사합니다잊지않겠습니다,10
아바타: 물의 길,제발 흥행해서 4편5편도 제작비 이번처럼 왕창 들일수있는 영화가되길ㅠㅠ ,10
너의 이름은.,"우리는 모두 누군가를 찾고 있다. 격한 감동은 아니지만, 길게 여운이 남는 애니메이션. 말로 설명할 수 없는 정적임. 영상미도 너무 아름답다.",10
더 게임,외부 적국과의 전쟁이 아닌 서로 견제하는 스파이들의 내부 적과의 진흙탕 싸움. 사는게 참으로 피곤했을 듯. 다중 반전은 꽤 흥미로웠지만 가볍게 만든 엔딩은 아쉬움. 혹시 원작 소설이 있다면 훨씬 스릴 있고 짜임새 있을 듯,3
아바타: 물의 길,자연보호와 종교신앙적인것이 담긴 영화같네요,10
아바타: 물의 길,돈 아까워서 안 나갔는데 3시간 동안 고문이었다. 그리고 여자 아바타 너무 개 못생겨서 짜증이 났다. 우는 소리도 짜증 나고,1
마녀(魔女) Part2. The Other One,시간이 아깝다;;;  갑자기 시간을 초월하고 이정도면 아이언맨이랑 싸워야하는 급 아니냐??  1편이랑 무력이 이어지지가 않냐,2
아바타: 물의 길,안바도 뻔할듯 평점 높은 쳐준것들은 나만 보고 손해볼수 없다 느낌 영상미는 좋으나 별내용없고 그냥 가족용 초딩영화 에벤져스2 겨울왕국2  느낌,6
"오늘 밤, 세계에서 이 사랑이 사라진다 해도",슬퍼요 애인이랑 손 잡고 보면 좋은 영화,10
아바타: 물의 길,뇌빼고 눈으로만 볼거면 추천 스토리는 진짜 노잼임,4
영웅,뮤지컬을 따라가진 못하지만 이만원도 안되는 돈으로 귀 호강하고 옴. 이렇게 지킨 나라인데 ㅜㅜ  ,10
아바타: 물의 길,평을 못내리겠어요 너무 완벽합니다나만 슬픈가요?ㅜㅜ,10
아바타: 물의 길,영화에 담긴 메세지가 확실하고 영상미가 매우 뛰어난 작품,10
"오늘 밤, 세계에서 이 사랑이 사라진다 해도",영화 분위기부터 스토리 대사 모든게 완벽합니다. 영화를 두 번 보면서 친구들을 많이 데려갔는데 거의 다 울었습니다. 여운이 남고 남주 여주 대사가 너무 이뻐서 연애감정이 다시 불타오르는 느낌입니다. ,10
영웅,정성화 배우님 최고입니다 영화 보는 시간동안 시간가는줄 모르고 푹 빠졌습니다너무 멋있으시고 감동받았습니다,10
영웅,아이들한테도 너무 좋은 영화에요.아들이초6인데 보면서 훌쩍거리면서 보내요ㅎㅎ감동적이랍니다~^^,10
영웅,영화관에서 사람들 훌쩍거리는 소리가 들릴정도로 슬펐던 영화입니다ㅜㅜㅜ애국심폭발하는 영화 강추요ㅜㅜㅜㅜ,10
아바타: 물의 길,"이 영화를 보기 위해 태어났다 영화보다 심장마비로 돌아가신분 충분히 이해 됨 ㆍ어비스ㆍ터미네이터1,2 ㆍ에일리언2, 타이타닉 그리고 아바타1.2 제임스 카메론이라는 거장과 같은시기를 살았음에 인생 한점 후회가 없음",10
영웅,정성화 안중근 그 자체인듯,10
말모이,일제 식민지때 우리 조상들이 민족의 혼이 될수 있는 우리말을 지키기 위해 헌신하고 희생하신것을 잘 느낄수 있는 감동영화였습니다. 눈물 나게 잘 봤습니다~,10
왕의 남자,해석을 보는 것을 추천!!,10
아바타: 물의 길,"&amp;#34;아바타 물의 길&amp;#34;은 전작에서 보았듯이 CG는 두말할 것도 없이 완벽하다. 덕분에 영화를 관람하는 내내 두 눈이 즐거웠다. 제임스 카메론 감독의 완벽주의 성향이 그대로 투영된 영화. 우주선의 점화부터 물속에서 동작하는 동물들과 기계의 움직임 모두 유기적이고 역동적으로 움직여 영화를 관람하는 입장에서 큰 몰입을 받았다. 하지만 이 영화를 평가한 몇몇의 사람들이 말하길 &amp;#34;CG로 범벅된 진부한 스토리&amp;#34;라고 한다. 그러나 나는 이들이 말하는 진부한 스토리를 좋아한다. 큰 반전은 없지만 보다 담백하게, 보다 현실적이게 스토리를 구성한다. 그리고 그런 스토리에 제임스 카메론 감독만의 서사를 적절히 투영해 말 그대로의 멋진 영화로 탄생했다. &amp;#34;아바타&amp;#34;라는 영화가 나에게 있어 그런 멋진 영화다.",10
아바타: 물의 길,디테일한 표정연기 좋았다. 한국이나 미국이나 부모 마음은 같다.   환경보호 해야 아바타 같은 세상이 오지않는다,10
영웅,감상은 줄이고 깊이를 늘려야 할 것을,5
영웅,연출 영상 연기 노래 뭐 하나 빠지는 거 없이 좋았습니다역사가 스포일러라 가슴이 먹먹했네요,10
아바타: 물의 길,기대이상까진 아니지만 보는동안 그래도 눈은 즐거웠습니다 과하지도 않고 적절한 3d로 크게 어지럽지도 않았어요,9
영웅,가슴깊이 울어본적이없엇던 영화 챙피해서 소리내어 울지못한게 한이서린다,10
아바타: 물의 길,아름답고 경이롭습니다,10
마녀(魔女) Part2. The Other One,와... 이국적인 한국 영화고 감탄이 절로나오네요개인적으로 완성도가 높은 영화네요빨리 part 3가 나왔으면 바램입니다!!!,10
아바타: 물의 길,3시간이라 물빼러 갈시간은 줘야할듯,8
영웅,와 진짜 영화 잘 안보는데 이건 울면서 끝까지 봤어요 !! 배우님들 연기랑 노래 실력 짱짱우리 나라 역사 잊지 않겠습니다.,10
아바타: 물의 길,진짜 말이 안나옴 최고!! ,10
아바타: 물의 길,안보면 후회하니까 꼭 보는걸 추천함,10
아바타: 물의 길,3시간 너무 긴 듯,7
영웅,"나문희님께서 애끓는 마음을 너무 절절히 표현하심 ㅠㅠ김고은, 정성화 노래는 장면마다 놀라운 감동",10
영웅,뮤지컬보다 더 와닿았던 감정과 전율은이루말할수없더라구요..!,10
아바타: 물의 길,"제임스 카메론 감독이 이제 은퇴해야 할 이유를 알려주는 영화. 아바타1 때도.. 중간에 지겨워서 조는 사람들 간간히 보였는데,아바타2는 진짜 중간에 안잔 내가 대견 스러웠다.영화가 3시간이라서 지겨운게 아니라, 너무 뻔한 스토리가 중간에 잠을 불러온다.마틴 스코세이지 감독의 아이리시맨 이라는 3시간 짜리 영화 볼때는시간이 너무 빨리 가서 상당히 아쉬웠다. 이게 바로 스토리의 힘이다.역시 나이는 못속인다. 제임스카메론이 이제 은퇴해야 할때가 온것이다.",7
올빼미,재밌어여 굉장히 흥미롭다 이거야,10
아바타: 물의 길,정말 재밌고 신비 한다 굿,10
"오늘 밤, 세계에서 이 사랑이 사라진다 해도",보고 울었다 슈바ㅜㅜㅜㅜ,10
영웅,"진짜 인생영화 목록에 새로운 작품이 등록된것같아요. 역사를 다룬 주제의 영화가 다소 지겨울거라는 저의 편견이 그동안 없지않아 있었는데 이번 영화를 통해 그 편견 쓰레기통에 집어 던졌습니다. 중간중간 개그요소도 넣어주면서, 우리 나라의 아픈 역사에 대해 잘 해석된것같아 보면서 울고 웃고 했던것같아요. 더 많은 사람들이 이 영화를 보았으면 하는 심정입니다.",10
아바타: 물의 길,재밌었는데?스토리도 좋고 꼭보세욤,10
히트맨,어린이용 영화출연 배우들의 커리어만 깍아먹었다,2
"오늘 밤, 세계에서 이 사랑이 사라진다 해도",정말 너무 감동적이고 정말 슬퍼요ㅠㅠㅠ 추천합니다,10
영웅,만점이 아니더라도 만점을 줘야할 영화,10
프라미싱 영 우먼,성폭력 복수극으로만 보지 말라... 남자인 내가 봐도 충분히 공감된다 다른 사건과 시선에서...,9
영웅,전체적으로 뮤지컬을 보는 듯해 너무 감동받았고 후손들을 위해 당신들의 엄청난 노력이 있었다는걸 다시 되새기게 되었습니다영화 보는 내내 눈물이 멈추지 않았어요,10
영웅,이 영화를 느낄 수 있다는 것은 한국인의 특권이다.,10
영웅,b급 + 억지 개그 + 억지 노래 + 명성황후 신격화안중근이란 소재는 s급 이지만 과정이 b급 너무 재미없음.,1
사자,엑소시즘 공포영환줄 알고 봤더니악마 때려잡는 슈퍼히어로 물....마지막엔 &amp;#34;두한아 일어나라&amp;#34; 엔딩까지...,4
늑대사냥,갑자기괴물이..흠..,4
영웅,김고은님의 노래 실력에 너무 감동받았어요. 유투브에 찾아서 계속 듣고 있네요^^,10
아바타: 물의 길,1편보다 못해요시나리오가 너무 허접..영상미가 아무리 뛰어나도 영화란 모름지기 감동이란게 있어야하는데..ㅠcg도 개인적으론 1편이 더 나음,6
영웅,영화관에서 보기 잘했다고 생각했습니다뮤지컬로만 접하던걸 영화로 만드니 더욱 풍성함,10
영웅,"뮤지컬 영웅에서는 멀어서 잘 보지 못한 섬세한 표현력을 볼수있었으며, 공간의 아쉬움이 영상으로 커버가 되어 감동이 열배가 되었습니다. 최근 본 영화중 가장 먹먹하고 최고였습니다. 정말 독립투사 분들의 순고한 희생에 맘 아프고 감사한 시간이었습니다. 시간을 허투로 쓰지않고 열심히 살아야겠다는 생각이 드네요. 감사합니다.",10
아바타: 물의 길,개재밌음 별 기대 안 하고 봤는데 울고 웃고 쌩쇼 다 하고 나옴 진짜 꼭 보셈,10
영웅,잊고 지냈던 역사를 눈물나게 보고 가슴에 담고... 한 분도 놓치지 않고 돌아오지 못한유해를 찾아야 하는 것은 후손들의 몫이겠죠? 영화와 뮤지컬을 한꺼번에!! 새로운 경험을 할 수 있게 해 주셔서 감사했습니다.감동있게 잘 봤습니다. ,10
나이브스 아웃: 글래스 어니언,크리스마스 영화로 이걸본게 수치스러울 정도로 재미없었다.,2
영웅,나문희 선생님! 울컥했어요ㅜㅜ,9
원피스 필름 레드,진짜 유치하고 내용전개 스토리가 넘 구림..,2
아바타: 물의 길,완벽한 영화우수한 그래픽과 감동과 다 가진 영화,10
영웅,진짜 감동의 눈물이 주루룩 흐르네요 ㅠㅠ 잊지 않겠습니다 독립투사님들,10
아바타: 물의 길,초반엔 뭐지 싶었는데 중반부로 갈때부터 웃기면 웃기고 슬프면 슬프고 긴장되면 긴장되는 영화고 장남이 죽을땐 정말 가슴아팠고 마블이 다 망해가는 마당에 거의 최고의 영화였음 3시간이였지만 길어봐야 1시간반정도 라고 생각된다,10
영웅,설명이 필요없는 영화! 올 겨울은 영웅입니다!! 감동 그리고 또 감동인 영화입니다. 좋은 영화만들어주셔서감사합니다!!!,10
영웅,정말 좋았습니다. 목이 자꾸 울컥하다가 결국 눈물이 솟구치는데 참을 수가 없었습니다. 집에 돌아와 감상평을 남기는 지금까지 목에 컬컬한 것이 남아 있네요. 감사합니다.,10
중앙역,1달러 편지를 주문하는 사람들의 얼굴과 표정에 글보다 더한 감흥이 담겨 있다 ?,7
오아시스,이딴 영화를 명작이라하는구나,1
영웅,평점 처음 남겨요. 뮤지컬영화 별로 안 좋아 했는데 영웅이라는 영화가 다 깨 줬습니다. 눈물 주룩주룩ㅜ 휴지 꼭 챙기세요. 정성화 배우님 감탄만 나옵니다. 노래 언제 부르시나 그것만 기다릴정도에요ㅎ 뮤지컬이었다면 엔딩하고 박수 계속 쳤을거에요~! ,10
데시벨,"개연성이 많이 부족하네용...,. ㅠㅠㅠㅠ근데 재미는 있어요 .. ",8
아바타: 물의 길,영상미나 CG 그래픽에 관련된 건~ 훌륭해요. 근데.. 스토리가 복수극인가요?,2
영웅,누구나 알고있는 스토리를 지루하지 않게 잘봤습니다. 뮤지컬 한편 영화가격으로 본거같아요,10
영웅,뮤지컬로도 두번 봤는데 뮤지컬과는 또 다른 감동과 울림이 있네요..  배우들이 연기를 너무 잘 하셔서 몰입감도 최고였습니다. 영화도 두번 세번 더 보고싶네요.,10
아바타: 물의 길,아이맥스 3d보았습니다.지루하다는 소리가많아서 걱정했는데솔직히 말하자면 엄청 박진감도 신기함도없음. 그냥 엄청나게 큰 아쿠아리움을 고화질로 보고온듯. 그만큼 cg이질감 1도없음. 실제로 나비족이있는거같음. 2d로보면 감동이 덜할듯하고 후회 돈아까움 1도없음. 좋은 추억거리가생겼네요,10
사랑할 땐 누구나 최악이 된다,여주인공의 감정선이 너무 공감되어서 …보는 내내 흡입력 있었어요. 현실적이고 지극히 적나라한 감정 표현이 오히려 와닿았어요. 나중에 다시 보고싶어질 것 같아요. 여주인공 처음 봤는데 연기가 너무 훌륭하네요. ,10
영웅,진짜 감동 그 자체임ㅠㅠ 꼭 봐야되는 영화,10
영웅,조국애에 대한 감동이 느껴졌다.,10
아바타: 물의 길,오래 기다린 보람.  실망시키지 않았다,10
아바타: 물의 길,영상미는 좋으나 스토리가 뛰어나다고 느끼지는 못하였음,8
영웅,예전 독립운동가 분들이 없었으면..우리는 일본이 되었을것...감동적입니다,10
아바타: 물의 길,영상미가 좋아요!!!!,10
사도,유아인이랑 송강호 연기력이 진짜 다 캐리했음. 시간없어서 미루다가 드디어 봤는데 정말 후회안했음. 또 보고 싶어요,10
아바타: 물의 길,개멋져요 정말…. 제임스 카메론 천재,10
에브리씽 에브리웨어 올 앳 원스,내가 선택한것이 최선이든 최악이든 결국 지금 나를 있게 만든 모든것,10
영웅,미쳤음 나문희할머니 덕에 눈물 펑펑 스토리도 너무 감동적이었어요 오랜만에 제대로된 영화 봤습니다 크리스마스에 뜻 깊은 선물 주셔서 감사해요,10
영웅,"역사왜곡이 난무 합니다.이토는 동아시아의 평화를 원했고, 동아시아가 하나가되어 서양 제국주의에 맞서려고 했습니다.이토가 죽고 오히려 일본 군부는 제국주의 야욕으로 똘똘 뭉쳤습니다.이토는 청일전쟁도 러일전쟁도 반대했던 사람 입니다. 왜곡된 역사는 후손들을 더욱 힘들게 할 뿐입니다. 제발 반일선동 멈춰주십시오... ",2
아바타: 물의 길,2D보고 너무 재밌어서 3D로도 관람했네요영상미도  아름답고 ~ 슬프고 감동적이여서 눈물도 났네요,8
영웅,어떡해 점수를매길수있을까.영화관람 까지는 좋은데..너무 아바타랑 관객수차이가 나서..씁쓸하네이런 기회라도한번이라도 봐줄수있지않나,10
영웅,역사를 잊은 민족에게 미랜 없다,10
영웅,정성화 연기 잘하시네요~~,6
앰뷸런스,지루하긴했지만 재미있었음,8
영웅,오늘 두번째 관람했는데 역시나 좋았습니다~,9
스크루지: 크리스마스 캐럴,"어릴 때 봤던 스크루지 영화는 노잼이었던 거 같은데, 원래 이런 내용이었나 싶을 정도로 즐겁게 봄. 돈에 미쳐사는 꼬장꼬장하지만 여전히 정정한 음기풀풀 영감쟁이를, 제 뜻과 무관하게 이리저리 굴리며 두렵게 하고 울리고 결국엔 정신머리 개조하는 게 왜이렇게 재밌는 거임; 심지어 그 영감이 어릴 땐 아픈 여동생 돌보는 오빠였고, 젊을 땐 햇살가족 딸내미랑 약혼도 했던 과거가 있다..? 이야, 스크루지 전통할배맛집이었구나 ",10
영웅,그 시대를 지내신 모든분들께 감사드립니다,10
불릿 트레인,왜이게 지금 평점인가요…,10
아바타: 물의 길,ㄹㅇ 너무 슬펐음보다 나도모르게 눈물이 주르륵 나오더라안본사람은 지루해도 꼭 보는걸 추천함메리크리스마스,10
영웅,노래 정말 감동이었요!,9
영웅,노래 정말 감동이었요!,9
아바타: 물의 길,"정말 너무 재밌었고, 영상미가 너무나 좋아 눈을 뗄 수 없었다. 스토리도 정말 감동적이고 다섯번 운거 같다. 최고의 영화. 이 영화만큼은 10점을 줘도 마땅하다 생각한다.",10
영웅,진짜 너무 재밌었다…ㅠㅠ 진짜 온몸에 소름 끼침ㅠㅠ 꼭 보세요 다들… 전혀 지루하지 않아요 영화관에서 나올 때 울면서 나왔네요.,10
영웅,감동 입니다 ㅜㅜ 노래도  감동 슬퍼서  많이 울었네요,10
팬픽에서 연애까지,신세대 물로서 신인배우들을 재발견할 수 있는 시간이었습니다. 아직 미숙한 부분도 많지만 기대가 많이되는 부분입니다.,10
탑건: 매버릭,이 영화는 남녀노소를 불문하고 모두 즐길 수 있는 영화다 스토리? 연출 솔직히 촌스럽다 그런데 그 촌스러움에서 빈티지(?)가 묻어 나와 오히려 향수를 불러 일으키며 카타르시스를 느끼게한다 젊은 시절의 청춘이나 앞으로의 이데아를 일께우게하며 극중 ost는 영화와 찰떡같이 쫀득하다 영화관에서의 감상을 추천하며 힘들경우 스피커를 구비하기 바란다,10
영웅,생각보다 노래가 너무 좋았습니다!,9
아바타: 물의 길,명작입니다ㅠㅠ 더이상 말이 필요없어요,10
아바타: 물의 길,그래픽은 현란하지만 스토리는 꽝~,2
"오늘 밤, 세계에서 이 사랑이 사라진다 해도",확실히 슬픈영화긴 하지만..눈물이 날 정도는 아니었던 거 같아요 살짝 급전개도 있지 않았나 싶네요 그리고 여주 남주가 못생겼으면 더 지루했을 거 같아요,8
영웅,와.. 웅장하면서 재미도 있고 감동도 있네요.배우분들 연기력이.. 대빅입니다.,10
영웅,모처럼 카타르시스를 느끼며 많이 흐느꼈네요. 그냥 슬프고 좋았습니다. 중반이후에는 노래만 나오면 눈물이 나더라구요..,10
아바타: 물의 길,영원히 기억될 위대한 명작,10
"오늘 밤, 세계에서 이 사랑이 사라진다 해도",와 진짜 너무 슬퍼요 .. 마오리가 세번째 조건을 어겨도 되냐고 물었을때 토루가 난 이미 한참 전에 여겼다 하고 불꽃 터지며 뽀뽀하는 장면에서 왈칵 했는데 토루 죽었다는 장면 보고 진짜 와르르 왈칵 했습니다.. 또 이즈미가 “카미야 토루에 대해 잊지 말 것“ 보고 우는게 진짜 짠했습니다ㅠㅜ남친이랑 보러 갔는데 울면서 나왔네요 ,10
영웅,22년 최고의 영화가 마지막 순간어 나왔네요,10
영웅,웃기고 울리고 너무 재밌고 감동입니다 최고,10
영웅,웃기고 울리고 너무 재밌고 감동입니다 최고,10
기예르모 델토로의 피노키오,괴물이 신기하게생겼었다,10
영웅,꼭봐야할 영화 시작부터 끝까지 마음의 먹먹하네요 우리선조들의 희생으로 지금 우리가 편안하고 등따시고 배부르게 먹을수있다는걸 꼭 기억했으면좋겠어요,10
"오늘 밤, 세계에서 이 사랑이 사라진다 해도",엄청 울었다 이렇게 감동적인 영화는 오랜만이다,10
아바타: 물의 길,"맞음 CG는 없었음..,..나비족 섭외만...ㅎ 극장에서 안보면 후회할거임..",10
영웅,뮤지컬에 관심 없다면 절대 관람금지처음부터 끝까지 미쳐 죽는줄 알았음,2
올빼미,연출력 연기 스토리 삼박자가 완벽한 작품이었음. 2시간이 너무 빨리 지나갔음,10
영웅,감동 그 자체에 노래 완전 소름이야...,10
영웅,진짜 가슴을 울리는영화입니다. 감히 재밌다고 표현할수 없습니다. 우리나라 독립운동가분들의 희생에 너무 가슴아픕니다. 감동적이고 가슴벅차오르는 영화입니다..세계적으로 많이 보셨음좋겠습니다. 대한민국만세!! 일본은 사과하라!!,10
영웅,눈물 가득 쏟고 왔네요. 최근 몇년간 이렇게 가슴이 뜨거웠던 적이 있었나 싶어요. 영화관에서 박수 터지는걸 보는건 이 영화가 처음이었네요,10
사일런스,성직자일지라도 인간의 선과 악의 판단은  하느님의 몫.,10
아바타: 물의 길,살아있는 생명들이 기계문명과 싸우는 정복과 피정복의 관계속 한 가족 ,7
인생은 아름다워,식구들끼리 보면서 구석에서 눈물흘리지 않는척 무던히도 애썼습니다.영원할것만같은 누군가와의 인연에 불가항력적인 마침표를 찍어야만하는 순간이오면 많이아프고 무섭겠지만 이들처럼 아름답게 훗날을기약하는 방법을쓰기위해 노력해볼렴니다.따듯한영화 잘봤습니다~~~,10
영웅,마지막20분 너무감동다끝나고 울컥!,9
아바타: 물의 길,"일본 아이맥스레이저관에서 봤습니다 아바타1은 한국에서 일반상영관에서 봤었고 아이맥스3d는 지금까지 허블3d, 하늘위를 걷는 남자 이렇게 봤었고 세번째가 아바타2였습니다 길게 말 안합니다 이게 3d영화입니다 그냥 아이맥스3d로 보세요 앞서 봤다던 아이맥스3d영화 두개도 3d효과 괜찮다는 평 들었던 영화였습니다만 아바타2의 진짜 발톱각질보다 못합니다 진짜 짧고 굵게 말씀드립니다 닥치고 아이맥스3d로 보세요 3시간이 50분처럼 느껴졌습니다",10
외계+인 1부,액션씬 짱이다... 빙글뱅글,8
아바타: 물의 길,최고의영화!!11살 무뚝뚝 아들램도 눈물흘리심..감동 그잡채!!!,10
아바타: 물의 길,이런 영화를 볼 수 있다는 거에 감사할따름,10
영웅,너무 재밌고 감동적이네요,10
본즈 앤 올,참으로 아름답습니다...,9
나이브스 아웃: 글래스 어니언,1편이 워낙 명작이라 그 기대 때문에 문제네요 비교만 안 하면 수작이라고 봅니다 ,8
에브리씽 에브리웨어 올 앳 원스,"엄마는 항상 바쁘다가도 멍하고 정신이 없다. 엄마의 속에는 항상 가족 걱정으로 가득차 있기 때문에. 자신의 삶, 엄마의 삶, 배우 양자경의 삶 그리고 우리들의 삶을 포괄하는!",7
"오늘 밤, 세계에서 이 사랑이 사라진다 해도",전체적으로 따뜻하고 설렜다. 단지 후반부의 급전개가 아쉬웠다.,8
아바타: 물의 길,이런 엄청난 영화를 고작 만원대에 감상해도 된다니... 세상에.. 내가 본 영화중 TOP5 안에 드는 초 명작,10
아바타: 물의 길,엄첨 재밌고 3D로 봐야 눈 호강을 함,10
영웅,"전개가 뜬금없고 뮤지컬을 보완한 영상같은 느낌. 영화라고 하기엔 흐름이 자꾸 끊기고, 배우들 의상도 진짜 너무너무 아쉬웠어요. 모든배우들에게 장면을 주려는 듯한 작위적인..첫 뮤지컬영화라고해도 부족함이 너무 느껴졌습니다. ",2
아바타: 물의 길,아바타1보다 스토리 개연성이 떨어짐등장인물 너무 많아 복잡하고 생김새가 다 똑같음.,7
"오늘 밤, 세계에서 이 사랑이 사라진다 해도",감동적이긴 하나 눈물이 많이 날 정도는 아니고 전개가 약간 빨라서 아쉬웠다. 남주인공 서사 대신 전개에 디테일을 더했으면 더 좋았을텐데,7
영웅,절대 리뷰같은거 남겨본적없는 사람중에 한사람인데 아들과 영화를보고 한없이 눈물흘리고 벅찬감동을 주최할수없어 남깁니다.이나라 국민이라면 꼭한번은 봐야한말밖에는 더 할말이 없네요.,10
나이브스 아웃: 글래스 어니언,역시 전편 보다 못한 후속편의 전형적인 예시,6
케이블 가이,"생각 보다 매우 다크해서 흥행은 안되었던걸로 아는데, 풍자적으로 매우 잘만든 블랙 코미디 ",8
해리가 샐리를 만났을 때,사랑일수도 있었던 것들에 대해서,10
아바타: 물의 길,진짜 짱임 다 할말이 없음,10
영웅,이틀 연속 관람하고 왔는데너무나 감동적이었어요!!,10
영웅,영화보고 처음으로 올려봅니다시간가는줄 모르게 몰입감 최고였고 가슴 뭉클...하게 잘봤어요,10
영웅,진짜 너무 좋았어요!! 뮤지컬 같았고 꼭 한번 봐야하는 영화,10
아바타: 물의 길,13년 걸려서 만들었다고 하기에는 너무 빈약하고 뻔한 스토리,4
"오늘 밤, 세계에서 이 사랑이 사라진다 해도",너무 슬프고 씬 하나하나가 감동적임,10
영웅,최근 2주동안 본 영화가 3개인데 가장 여운이 길게 남는 영화는 영웅이 제일이네요.. 크리스마스 기념으로 가족들이랑 다같이 봤는데 다같이 울면서 너무 잘 봤습니다 다들 꼭 봤으면 좋겠어요,10
"오늘 밤, 세계에서 이 사랑이 사라진다 해도",진짜 개슬퍼 지금도 영화만 생각나서 마음이 안 좋음.. 영화관에서 질질 짯슴요.. 그리고 남주랑 여주 개잘생고 예뻐요,10
아바타: 물의 길,"1편에 이은 2편, 역시 기대를 넘어섬. 3D로 봤는데. 4D로 볼걸 후회됨. 이런 영화는 2D보단 3D, 4D가 더 매력적. 우리가족 중간에 화장실 한번 안가고 완전 몰입~~~^^ 애들이 재밌다고 난리..",10
영웅,불가능하더라도 100년이 걸리더라도  안중근의사의 유해를 찾도록 노력해야 합니다,10
마이 선,아버지는 용감했고 납치범들은 한심했고,4
아바타: 물의 길,극장에도 노키즈존 만들어 주세요뒷줄에  앉은 애들  얼마나 시끄러운지ㅠㅠ,8
영웅,&amp;lt;영웅꼭 보세요.연기랑 노래가 너무좋아요&amp;gt;개그요소가 있는데 거슬리다는 분들있는데 저는 재미있게 봤네요관람관에서도 웃음소리 들렸으니 다들 재밌게 봤다는거겠죠?ㅋㅋ 벅차오르고 감격적이면서도 시대적 배경이 참 가슴아팠습니다 다들 조금씩 훌쩍였는데 나문희 배우님 노래에서 터졌네요 ㅜ 여기저기서 흐느끼는 소리가ㅠ 가족과 함께 보기좋은 영화였어요 다들 영웅 꼭 보세요!!!!,10
아바타: 물의 길,무조건 영화관에서 봐야하는 영화.영화관에서 못봤다면 재개봉할때까지 기다려라.,10
영웅,스토리가 너무 약함~~~,2
아바타: 물의 길,1퍈보다 더 재미있게 봤음,10
영웅,너무 감동적이였습니다.나라를 위해서 애쓰신 순국선열들께 감사드립니다,10
영웅,"정성화,김고은 노래가 좋네요 시나리오는 좀약한듯하지만..",10
올빼미,"어쩌다 궁궐의 권력 암투에 휘말려든 미천한 신분의 의원이, 그것도 앞 못보는 맹인 의원이, 간신히 궐 밖으로 빠져 나갈 기회를 얻었지만, 궐 문이 활짝 열린 순간 걱정하고 그리던 집으로 향하지 않고 몸을 돌려 그 무서운 궐로 다시 들어간다. 천신만고 끝에 잡은, 어쩌면 살아 돌아갈 마지막 기회일지도 모르는데, 목숨이 위태로운 한 생명을 구하기 위해, 잠시 생각한 후 주저 없이 뛰어 들어간다. 이번에는 도망치는 것이 아니라 사람을 살리기 위해 피하지 않고 싸우려는 것이다. 류준열의 이런 선택은 정의를 바로 세우거나 악을 청산하지는 못했지만 권력자의 불호령보다 사람들의 마음을 더 움직였고, 결국 그의 진심과 용기가 그를 살린다. 만약 궐 문이 열렸을 때 그가 집을 향해 갔다면 어떻게 되었을까? 과연 목숨이 부지됐을까? 목숨이 위태로운 누군가를 구할 일념하나로 백방으로 뛰는 순간 두려움이 떨쳐지고, 신분과 관계의 울타리를 넘어 손을 잡게 되었다. 앞이 보이지 않기에 타인의 아픔과 절규에 더 민감하게 반응하였던 걸까? 오랫동안 마음에 남을 수작이다.",10
아바타: 물의 길,누가 재미없다고 했나...그저 꿀잼..박진감 넘쳤다.,10
영웅,좋았어요. 하지만 먼가 어색함이 있긴하네요. 배우들의 연기는 두말 할것없지만 왜 갑자기 여기서 이런?? 하는 의문이 조금 들긴 했어요. ,10
침묵의 목격자,반전에 너무 얽매이다 보니 내용은 헐겁다.,6
영웅,먹먹한 웅장함과 감동!!,10
나이브스 아웃: 글래스 어니언,전작은 잊고 감상해 주세요! 근래 본 영화 중 제일 많이 웃으면서 본 영화였어요.,9
박서방,고전영화의 아름다움이 있습니다 ,10
타이타닉 2,ㅈ ㄴ 재미없네... 이게 모냐   어처구니가 없어서 웃음 나온다 ㅋㅋㅋ   진짜 시간 아까움 ,1
영웅,말하고자하는 메시지가 깊어서 좋았어요,10
영웅,영화 제작에 임한 모든 분들 배우님들을 포함해서 모두모두 수고하셨습니다. 감사합니다!,10
눈의 여왕5: 스노우 프린세스와 미러랜드의 비밀,뻔하고 재밌는 영화.,6
유전,장난하셈? 무슨 공포영화야 이게 하이틴 가족갈등영화느낌에 유치짬뽕;; 무서운장면없어도 무섭고 무슨 수작처럼 평가들 해놨길래 봤구먼 ㅋㅋㅋㅋ이건 진짜 에바참치네,2
영웅,높아진 한국 영화 수준에 비해 한참 낮은 연출대한민국에서 제일 할머니 연기 잘하는 배우와 최고의 뮤지컬 배우를 데리고 만든 결과 치고는 너무 아쉽지 않은가,4
야망의 함정,돈 많이 준다는 말만 듣고 이상한 직장에 들어가 고생 직살나게 하는 이야기,8
영웅,너무너무너무 감동적입니다,10
아바타: 물의 길,스토리 너무 뻔하고 지루해서 돈 아깝네요,1
유포자들,진짜 어처구니가 없어서 말이 안나온다ㅋㅋ연출능력에 감동이다ㅋ,1
아바타: 물의 길,몰입도 괜찮고 아주 좋았어요,10
영웅,내가 진짜 이럴줄 몰랐는데.. 나 안구건조증이 있는데... 분명히 있었는데... 없어졌습니다.그래서 전 다시 또 볼겁니다. 그리고 또 다시 볼겁니다.오늘 배우들 무대인사에서 봤는데.. 제 마음속의 영웅들이십니다.제 마지막 남은 30대의 마지막을 행복하게 해주셔서 감사합니다.39살 남정네의 후기 입니다.거짓말 1도 안보태고 후회 안하니 꼭 보세요,10
"오늘 밤, 세계에서 이 사랑이 사라진다 해도",진짜 제가 다른 영화들 보고는 운적이 없는데 이 영화 보고 처음으로 눈물이 납니다 ㅠㅠ 영화에 나오시는 분들 모두 슬프게 연기를 잘하셔서 영화가 더 와닿았어요 ㅜ 이제 영화 봤으니까 책 보러 갈게욤~~~♡ ,10
아바타: 물의 길,오랜만에 영화관에서 푹 빠져서 본 것 같아요강추강추^^~!,10
센과 치히로의 행방불명,깨고 싶지 않은 푸른 꿈. ,9
센과 치히로의 행방불명,깨고 싶지 않은 푸른 꿈. ,9
영웅,뮤지컬 한편보는느낌이에요~진짜 감동적이었어요,10
아바타: 물의 길,마지막 부분 보면서 영화관인데도 소리 내면서 울었음. 3D는 머리도 아프고 겹쳐 보이는 것들 있으니 개인적으로는 비추. ,8
스트레인지 월드,재미있게 잘 봤습니다 재미있게 잘 봤습니다 ,8
영웅,대한독립만세를 다시는낄수있어서 좋았습니다,10
영웅,그냥 보세요! 꼭 보세요!,10
영웅,대한민국을 위해 나는 무엇을 할까 애국심이 생김,10
"오늘 밤, 세계에서 이 사랑이 사라진다 해도",으어어ㅓ엉 진짜 슬픈데에.. 남주 얼굴이 잘생겨서 집중이 안돼 좀 별로 안 울긴 했지만.. 그래도 또 보고싶다ㅜㅜㅜ 나중에 책으로도 한번 읽어볼게요.,10
영웅,상영끝나고 뒤에서 펑펑우시는 관객분에게 공감합니다.,10
RRR: 라이즈 로어 리볼트,춤 참 잘추네요.언제 또 춤추나 기다리면서 봤네요.뜸금없이 춤출지도 모른다는 기대감에 비장한 장면에서도 갑자기? 기대함 ㅎㅎ,10
엑소시스트: 디렉터스 컷,재미있게 잘 봤습니다 재미있게 잘 봤습니다 ,8
아바타: 물의 길,스토리가 지겨워서 두 시간 있다가 밖에 나갔다 들어옴. 왜 3시간 넘게 만을었을까…,2
아바타: 물의 길,담백하고 깔끔 함. 감상내내  스트레스 없이 정서적으로 위로받고 좋았음. 감독의 바다에 대한 사랑과 해박한 지식을  영상을 통해 볼수 있어서  행복했음 ,10
영웅,넘 감동적이라 눈물이….,10
영웅,감동 벅참. 대박. 천만가자~,10
나 홀로 집에,너무 재밌네요!! 아이들과 함께 보는걸 추천 합니다!,10
아바타: 물의 길,눈 씻고 봐도 찾을 수 없는 개연성억지 감동 짜내기 억지 위기 만들기답답한 전개 촌스러운 메세지 전달방식고음만 잘 올리고 노래는 못하는 가수 느낌3시간 짜리 그래픽 묘기가 끝인... 최악의 영화,1
심야카페: 미씽 허니,심야카페 미씽 허니 잘 봤습니다 ,6
올빼미,인생영화..진짜 대박 잘만듬,10
하나와 앨리스,순정 만화같은 감성 아오이 유우의 발굴의 미모,4
영웅,보고싶던 영웅 딸아이와 보며 모두 울고 왔습니다 감동입니다,10
아바타: 물의 길,"일단 3시간 20분이라는 긴 러닝타임 동안 눈이 너무 즐거웠고, 몰입감도 대박이었던 것 같다. 또한 배우들의 연기력 또한 한 몫을 해서 너무 좋았던 것 같다. 특히 판도라의 바다가 너무 아름다웠다!",10
영웅,꼭 보시길 추천드립니다.,10
영웅,안중근 어머니의 편지와 삼베옷… 거기에서 감동받아서 엉엉 울었네요..내가 어머니라면 어떤마음었을지… ,9
미라클 프롬 헤븐,교회에 나오는 사람들이 다 믿음이있어 나오는건 아니에요,10
영웅,애국심이 차오른다 감동이 차오른다 김고은의 감정이 깊은 노래가 의외나문희의 모성애 가득한 노래가 눈물샘 자극정성화의 마지막 절규가 화룡점정,8
아바타: 물의 길,2d는 모르겠으나 3d의 몰입감하나는 일품입니다 한장면한장면 저걸 어떻게 찍었을까 감탄하며 봤네요 스토리보단 눈의 즐거움이 상당했네요,10
"오늘 밤, 세계에서 이 사랑이 사라진다 해도",내힘들다 보지 마세요보고 정신병자 됏음,10
데시벨,데시벨 재미있게 잘 봤습니다 ,7
아바타: 물의 길,"성수 부티크 101에서 봤는데 3시간 짜리영화라 들었는데 10분밖에 못봄,.자리가 넘 포근해서... 끝나니 개운ㅜㅜ여친한테 혼남 ㅜㅜ",10
아바타: 물의 길,초중반까지는 지루할 수 있으나 후반부에서 나오는 장면과 가족의 케미는 정말 환상적입니다. 수중 3D는 정말 예술이네요. 잘 봤습니다,9
본즈 앤 올,그냥 생각났던 소재는 &amp;#39; 너의 췌장을 먹고 싶어 &amp;#39; 이 감독은 콜바넴에서는 &amp;#39; 너는 내가 되고 나는 네가 될 수 있었던 &amp;#39; 을강조했던 것 같은데 한층 업그레이드 된 그런 느낌근데 아쉬운건 사랑보다 욕망이 앞섰다는 점이 조금 아쉽다.,8
나이브스 아웃: 글래스 어니언,너무 재밌었다! 아니 왜 극장서 개봉 안한거야 ㅠ 극장개봉했어도 바로 보러갔을텐데!!,10
"오늘 밤, 세계에서 이 사랑이 사라진다 해도",울 수 밖에 없는 영화였어요,10
"오늘 밤, 세계에서 이 사랑이 사라진다 해도",급발진 때문에 슬퍼서 눈물흘리긴 했는데 급발진 때문에 어이없어서 헛웃음 나왔음 뜬금없는 “그 장면” 나오자마자 역시 인스타 광고는… 솔직히 책부터 시작해서 영화화 결정됐다고 더 미친듯이 바이럴 할 때부터 알아봤어야 했다 이 생각 밖에 안듬 솔직히 급발진 없었으면 눈물 흘릴 장면은 절대 없음 영화보고 나서 친구들끼리 급발진 얘기만 함 그래도 영상미는 좋았음 여름과 겨울에 함께했던 우리의 잊혀질 뻔한 아련한 기억 이런 느낌? 근데 소중한 크리스마스에 이거 보지 말고 올빼미나 보세요 솔직히 시간 아까웠음 연말에 볼 달콤한 로맨스 영화가 없어서 선택지가 이것밖에 없더라도 이건 보지마세요 다 끝나가는 크리스마스에 이런 조언을 지금 하는게 아까울 정도.. ,4
올빼미,몰입도 최고입니다너무 재밌어요  여운이 길게 남는영화입니다  주연배우들 연기 짱입니다,10
영웅,"반신반의로 봤다가, 120분이 안아까울정도로 넘 감동적인 영화였어요.다 좋아하는 배우들이라 더 좋았네요.정성화배우는 역시 뮤지컬배우 ",10
"오늘 밤, 세계에서 이 사랑이 사라진다 해도",너무 슬펐어요... 너무 인상깊게 봤어요 영화를 보면서 눈물이 흐른건 처음.. 그리고 여주언니 넘 이쁘심,10
영웅,평점 낮게 준 놈들은 친일파임ㅋㅋ,10
큐브,잼 없어요 어쩌라는건지 모르겠는 영화 ㅋ 평점 넘 높음  ,2
아바타: 물의 길,역대급 무조건 보세요 진짜 꿀잼이었음 ㅜㅜㅜ,10
아바타: 물의 길,지루하다고? 3시간동안 화장실 가는사람 한 명도 못봤음.. 3d imax 이상으로보세요,10
옆집사람,옆집사람 자알 봤습니다 ,6
영웅,진한 감동을 주는 영화라 생각합니다.  보는동안 몇번 눈시울 불히며 보았습니다. ,10
영웅,최고예요..손수건 챙겨서 가세요ㅠㅠ,10
영웅,너무 잘 봤습니다~애국심이 불끈 생기네요^^아들 꼭보여주고 싶었는데  뮤지컬은 비싸서 못 보여주다가 영화 나와서 같이 봤어요^^감사합니다!웃긴거 빼고 계속 울어서 아들이 놀리더라고요..엄마는 계속 훌쩍된다고 ㅎㅎ추운데 찍느라 다들 고생한것두 보이더라고요..고생하셨고 감사히 잘 봤습니다!,10
영웅,살면서 평점 처음남겨봄 가족들이랑 아바타보기는 그래서 봤는데 김고은이랑 연기력너무좋고 너무 슬프고 내용도있고 일본이 과거에 어떤짓했는지도 잘 전달되고 몰랏던 사실도 알수있었던 영화ㅠㅠ 나중에 집에서 다시보고싶은영화,10
아바타: 물의 길,3시간동안 나름 흥미진진하게 그리고 판도라행성에 푹빠져서 색다른시간을보냈다 1편만큼이나 재밌게 잘봤음,10
영웅,"스토리 긴박감은 중간 음악에 의해 떨어졌으나, 배우들의 뮤지컬은 심금을 울리고아들을 향한 나문희 배우의 심금을 울리는 노래는 눈물을 흐르게 만든 애국 영화잘 봤습니다 ",8
에브리씽 에브리웨어 올 앳 원스,좋아하는 영화라면 몇개 꼽을 수 있지만 이건 정말 죽을 때까지 다시보고 또보고 또볼 내 인생의 지침서로 결정 땅땅땅.,10
영웅,"배우님들의 살아있는 눈빛 연기들과 절절한 마음들이 고스란히 느껴져, 더욱 눈물이 나더군요.정성화님의 혼신을 담은 노래와 연기!정말 좋았어요!후반부 나문희 선생님의 절제하되 애끓는 모정과 신념 연기는 정말 최고였습니다!                        더욱 많은 사람들이 보고, 감동을 함께 했으면 좋겠습니다! ",10
아바타: 물의 길,영화시작1시간너무지루하고 잼없고영화시작2시갼3시간그2시간동안 넘몰입해서봤네요.바다스토리는 정말환상입니다,8
영웅,정말 멋지고 한순간도 놓치기 싫었던 영화 역사를 잃은 민족에게는 미래는 없다라는 생각을 다시한번 일깨워준 영화,10
아바타: 물의 길,세시간 내내 영상미와 스토리에 감동받았어요현실을 잠깐 잊을 수 있는 영화랄까요..너무 아름다웠습니다.,10
영웅,"안중근 의사가 독립에 대한 열망이 얼마나 컸는지 알기에 더욱 감동 깊었던 영화였습니다. 나라, 가족, 사랑 모든걸 담은 영화.. 펑펑 울다왔어요 ㅠㅠ",10
"오늘 밤, 세계에서 이 사랑이 사라진다 해도",제발제발 아바타에 밀리지않고 오래 상영했으면 좋겠어요..보면서 너무 울어서 후유증 미쳐버리는데 두세번 더 영화관에서 보고싶어요..,10
올빼미,"편안한 재미, 떨리는 전개, 가슴아픈 절정 그리고 다행스런 결말 추천임당",10
영웅,애국심이 마구 마구 고취되는 감동작 입니다 ,10
쥬라기 월드: 도미니언,ㅡㅡ전작들에 비해 모든 면에서 부실함 ,6
아바타: 물의 길,"아바타1과 전혀 다를거 없는 여전한 CG떡칠, 거기다 더해진 최악의 배우들의 저급하고 개연성없는 껴넣기 우겨넣기식 필요없는 내용들...아니 도대체 스토리가 항상 왜 이따구임? 주인공은 파괴의 신인 마냥 어딜가나 재앙을 끌고옴 엄청난 기술력을 갖고있는 지구에서 고작 저 나비족들 하나를 점령 못한다고? 일부로 져주는 듯한 느낌에 진부하고 뻔한 스토리 반전없는 그저 그런 시간떼우기 제발 이럴거면 3은 나오지 마시길",1
영웅,너무 감동적인 영화다노래 하나하나가 다 감동과 울림이 있다...뮤지컬을 좋아하지 뮤지컬영화는 안좋아 하는데...영웅은 원작뮤지컬을 최대한살려 잘 만들어 주신거 같다... 무대에서 듣는 노래가 보통 더 감동적이기 마련인데 나문희선생님의 노래도 재판장에서의 변론도 너무나 감동감동...신파가 아님에도 노래의 울림인지 스토리때문인지 알수 없으나... 눈물이 꾀 흘렀다...,10
곡성(哭聲),서서히 쪼여오는 스릴과 공포 관객들을 공포에서 헤어나지 못하게 만든다 내용이 난해한게 흠이지만 그 밖에 모든게 완벽한 작품,9
"오늘 밤, 세계에서 이 사랑이 사라진다 해도",제 인생영화입니다 눈물이 줄줄 흘러내리는 영화,10
신들의 분노,세상에 나오지 말았어야 했어 ,1
아바타: 물의 길,"3D 보고왔는데, 3시간이 넘었지만 시간이 엄청 빨리 지나갔어요. 너무 재미있었어요.",10
올빼미,몰입해서 잘봤습니다. 정말 재밌었어요. 연기도 연출도 훌륭하고 역사 안을 채워 넣은 상상력도 볼만했어요. 다만 클라이맥스때 살짝 무리한 감이 있긴하네요.. 그것만 매끄러웠으면 정말로 최고였을듯.  ,10
아바타: 물의 길,와~이런걸 만들었다는 것에 놀랄뿐입니다,10
아바타: 물의 길,와~이런걸 만들었다는 것에 놀랄뿐입니다,10
영웅,안중근의사님 감사합니다,10
몬태나,증오와 증오와 핏물의 원한들,8
영웅,배우들의 연기와 노래가 정말 감동적이었고 역사적 사실을 알고 있어도 배우들의 완벽한 연기를 보면 저절로 눈물이 나온다. 두 번 세 번 더 보고 싶다.,10
콜롬비아나,킬링타임용으로 넘 좋네요,8
영웅,한국인 필수영화! 안중근의사 존경합니다!,10
아바타: 물의 길,스토리는 평범하고 흔할수는 있어도 눈은 너무 즐거웠습니다 영상미 하나만으로 볼 명분은 충분해요,9
영웅,너무 재미있었습니다. 뮤지컬도 예약해 뒀으니 정성화 배우님..또 만나요~,10
핵소 고지,10점 최고의 영화,10
아바타: 물의 길,13년만에 다시 나온 이유가있다!,8
영웅,사실적 스토리 전개에 연기력이 뛰어나끝날때까지 몰입도가 최고였다^^,10
박서방,크리스마스에 티비에서 하길래 봤어요...그 옛날 서울 분위기도 아버지의 사랑도 너무 감동ㅜㅠ,10
"오늘 밤, 세계에서 이 사랑이 사라진다 해도",와....슌스케개잘생김,10
20세기 소녀,뻔한 스토리지만 좋은 연출과 연기 덕분에 재밌게 감상했다. 각 배역들의 캐릭터 설정이 잘되있어서 더 몰입하며 봤다,10
아바타: 물의 길,3시간이라 오줌참기 개힘든거 빼곤 너무 재밋게봄,9
영웅,너무 슬프다 압도적인 김고은,10
영웅,당연했던 것에 감사함을 느끼게 해주는 영화,10
"오늘 밤, 세계에서 이 사랑이 사라진다 해도",너무 재밌었어요ㅠㅠ소설을 먼저 봐서 내용을 알고 있기에 재미 없을까봐 걱정했는데오히려 영화 속 장면이 소설에서 어떻게 표현 됐었나 대비하며 보게 되어서 더 재밌었어요!!! ,10
머니볼,영화의 가장 큰 장점 중 하나는 우리가 평소에 경험하기 힘든 분야도 간접적으로 체험할 수 있게 해준다는 것이다. 스포츠 팬이라면 누구나 흥미롭게 볼 수 있는 영화,8
버드맨,예전에 보다가 재미 없어서 쟁여놓다 이제야 다시 봤는데 두고 첫 장면 부터 꽃가게에서 동양인 한테 입 닥치라고 하면서 가게 안에서 역겨운 김치 냄새 난다로 뜬금 없는 비하로 시작함 그 뒤로 대부분이 연극 내용이고 포르노 연기가 섞여 있으니 청소년은 시청 못하게 하시고요 연기에 관심 있으시면 보시던지 전 연기 전공자도 아니고 일반 관객이라 아무런 재미도 못 느꼈습니다 그냥 아무 내용도 없는 그저 연극 배우에 대한 얘기인 듯 초반에 재미 없어서 중간은 넘겨 버리고 엔딩 장면만 봤는데 뭐 감동이나 재미 화려함? 아무런 감정 자체를 못 느낌 감상 포인트 선택 할게 없어서 아무거나 선택함 제작한 수고가 있으니 3점이라도 줍니다,3
셰이프 오브 워터: 사랑의 모양,늙은 아줌마의 토악질 나오는 이상성욕 판타지,1
"오늘 밤, 세계에서 이 사랑이 사라진다 해도",너무 슬퍼서 눈물 광광ㅜㅜㅜ 슬펐어용,10
아바타: 물의 길,자식있는 엄마 아빠는 마지막에 눈물콧물 ㅜㅜ,8
늑대사냥,이영화는 감독이 어떻게찍을지 당일날생각하고 만든영화인것 같음,1
영웅,"배우들 연기  정말 좋고,노래도 정말 잘하네요♡ 김고은 배우 연기 너무 잘해서 소름끼쳤어요",10
영웅,연출이 너무 멋있었습니다,10
영웅,연기연출 최악나문희 김고은 케리로 1점올려서 2점줌,2
영웅,내가 장담한다 천만간다..와이프 시작하자마자 2시간동안 울었음 끝날때 극장에서 기립 박수쳤다 ,10
영웅,영화를 보고 난 후에도 계속 귓가에 맴도는 노래와 대사 잊을 수 없을 것 같습니다.,10
영웅,너무 가슴 아프고 조마리아 여사 입장에서 생각했을때 눈물이 났습니다.몇 십년 만에 극장에서 눈물이 났네요.,10
영웅,대한독립만세,10
영웅,뮤지컬의 감동이 너무 크네요. 가슴을 파고드는 아픈 역사 감동!!,10
아바타: 물의 길,그냥 쩜 왜 다들 아바타 아바타 거리는지 알겠음,10
내안의 그놈,너무 재밋어요!! 배우들 연기두 잘하고 너무 웃겨요ㅋㅋ,10
올빼미,근래 본 영화중에 .최고 최고 ,10
영웅,뮤지컬은 뮤지컬로만....노래가 몰입하는 중간 산통을 다 깨버리네.이런 영화는 절대 안 보리라 ,1
영웅,또보러 갈껍니다 ..!!!! ,10
영웅,아무생각 없이 보다 소름이 많은 생각을 하게된 영화,10
영웅,배우들 연기가 다 좋았어요. 뮤지컬의 감동이 그대로 느껴졌어요. 강추합니다.,10
영웅,김고은 나문희 배우님이 다하셨네..감동!,10
리멤버,슬프고 통쾌하고 재미있는 영화입니다.,10
아바타: 물의 길,보면서 와 어떻게 만든거냐 라는 소리가 절로 나옴,8
영웅,감동입니다. 오랜만에 좋은 영화 봤습니다. 이건 국뽕 아닙니다.,10
영웅, 누구나다알고있는 내용이라 별기대없이 관람을 했는데 감동슬픔 웃음 재미까지 너무잼나게 잘보고 강추하고싶은 영화입니다많은 사람들이 같이 보고 공감했으면 좋겠네요  적극적으로 강추입니다~~,10
아바타: 물의 길,진짜 재밌네요....,10
아바타: 물의 길,"진짜 정신없이 본 영화였다 눈이 너무 즐거움 3D보길 잘했다는 생각이 든다.3,4,5편이 더욱 기대된다 2가 많이 흥행했으면 좋겠는데5,60대 부모님들이 보시기에 영화가 조금 길긴한것 같다.그래도 영화관에서 다들 화장실 거의 안가고 잘 보셨다. 3시간 영화라 부담느끼지마시구 시작 30분 전부터 물안마시고 영화볼떄 뭐 안마시면 화장실 갈 걱정은 안해도됨!",10
아바타,난 이걸 원했지만... 2편에서 매우 실망하였다,10
노팅 힐,클래식 멜로 영화의 정석,10
영웅,너무 감동적입니다. 영화보고나서도 ost가 맴돌아요,10
"오늘 밤, 세계에서 이 사랑이 사라진다 해도",진짜 스토리 너무 좋고 개 슬퍼요 진짜 영화관에서 저랑 앞뒤 옆 대각선에 있는 사람들 다 울고 훌쩍훌쩍 거렸어요 진짜 너무 슬퍼요,10
영웅,"뮤지컬보고감동그자체였던기억으로관람했습니다역시나최고♡입니다과거가있기에현재가있는것이지요,,",10
아바타: 물의 길,"인간에게 던지는 메세지가 분명한 영화, 가족을 다시 보게 하는 영화",10
초속5센티미터,"연출, 연기, 스토리, 영상미, OST 모두 빠지지 않는 애니메이션 영화",10
영웅,윤제균 한대 때리고 싶음 영화로 만드니까 조잡하고 우스워짐 뮤지컬 반감생길까 두렵다 ,8
영웅,그도 위인이기 전에 누군가의 아버지이자 아들이었고 남편이었다. 그 사실만으로 너무나 감사합니다...,10
아바타: 물의 길,진짜꼭보셈 두번보셈 3D로 무조건 ㄱ ㄱ ,10
영웅,보는내내 울었어요..,10
영웅,"재미적인 요소가 아쉽긴 했지만, 9점을 받기에 충분한 작품",9
아바타: 물의 길,가족애가 느껴지고 영상이 화려해요,10
카터,멀미가 나서 머리가 아픈지 하도 재미없는 것을 참고 보느라 그런 것인지 헷갈릴 정도였습니다. ,1
아바타: 물의 길,진짜 너무 재밌음 인생 영화,10
아바타: 물의 길,미친cg임눈이 즐거운영화스토리는 무난하고 재밌음,10
불릿 트레인,다 좋은데 말도 안되는 억지 고구마가..,6
아바타: 물의 길,재미없어요 시간만 길어요ㅠ,1
아바타: 물의 길,아바타2  보고 느낌. 무자식이 상팔자. 이거보면 출산율 더 나락 갈듯 . ㅋㅋㅋ,6
영웅,잊고 있던 역사를 감동깊게 보여주었네요,10
러브레터,겨울마다 떠오르는 아름다운 영화,10
올빼미,보셈 재밌음 연기잘함 스토리좋음,10
브이 포 벤데타,이건 인정입니다...,10
영웅,뮤지컬영화라서 어쩔수없지만 노래때문에 가끔 집중력을 깨버림 그래도 재미있었어요,10
"오늘 밤, 세계에서 이 사랑이 사라진다 해도",상여자도 울게 만드는 영화 .. ,10
영웅,배우들 연기와 노래가 너무 뛰어났습니다.영화구성은 조금 아쉬웠습니다,10
영웅,몰입해서 보다보니 2번 울었습니다ㅠㅠ잘봤습니당,10
영웅,정말 재미있게 봤습니다.추천합니다.,10
아바타: 물의 길,레전드자나~~~~!,10
영웅,나문희님 노래할때 엉엉 울고 정성화님 나올때마다 압도 당함!  ,9
패터슨,평범해도 나에겐 특별한,7
나이브스 아웃: 글래스 어니언,돈많이들여서 영상미도 좋은데 스토리도 재밌음 시리즈 계속 나오면 좋겠다!,10
불릿 트레인,와. 재미있어서 계속보다가 카버 얼굴보고 이 영화의 장르를 알았네. ㅋㅋ. 후속편 완전 기대. ㅎㅎ,9
아바타: 물의 길,영상미 ost 너무좋습니다.스토리는 노멀,10
영웅,모든 분들 정말 감사합니다!!,10
나이브스 아웃: 글래스 어니언,1편이 정통 추리극을 뒤집은 명작이라면 2편은 미스터리가 첨가된 드라마. 1편에 비해서 복잡한 이야기를 하느라 시작이 좀 늦어지는게 아쉽지만 충분히 흥미롭고 재미있다. 1편같이 대단한 반전이나 흥미로운 추리는 좀 덜어내고 다양한 인물들과 색다른 이야기를 넣었다. 그리고 전편같은 이야기 비틀기로 영화 중반에 이야기를 다시 풀어주며 관객들에게 본격적으로 추리할 시간을 준다. 시작은 느리지만 힘있게 밀고나가는 영화.,9
듄,괜찮게 봤습니다,8
영웅,온 국민이 봐야할 영화입니다 망설이지 말고 무조건 보세요,10
영웅,정말 대단한 영웅들,10
영웅,"국뽕 제외하고 보더라도 꽤 준수한 영화입니다. 나름 빠른 전개, 들을수록 좋은 ost, 억지없는자연스러운눈물.. 꼭 보시길 바랍니다. ",10
에브리씽 에브리웨어 올 앳 원스,B급인척하는 A급...,9
영웅,더 많은 사람들이 봤으면 좋겠어요  배우 한분 한분 연기에 넘 빠져서 봤네요  오십 넘은 아저씬데 첨 부터 계속 눈물이… 끝나고 나니 몸에 힘을 너무 줘서 땀도 엄청 흘렸네요,10
영웅,꼭 보세요... 여운이.. 오래가는 영화네요..,10
아바타: 물의 길,스토리는 평범할 수 있으나 영상미가 정ㅇ말 좋아요,10
피그,뭔가 주제가 애매하고 내내 조용히 흘러가는 듯한 저예산 영화.,5
올빼미,시간이 어찌 가는지 모를정도로 쉴틈이 없음 연기도 다들 굳완전추천^^,10
영웅,역대급 영화입니다 감동과 웃음까지 꼭 보세요,10
블랙 아담,괜찮게 봤습니다,6
영웅,동명의 뮤지컬 원작을 영화로 옮김에 있어서영화라는 표현양식에 맞게 연출하려는 고민이적다고 느껴짐. 극과 노래가 따로 논다는 느낌,6
나이브스 아웃: 글래스 어니언,한국만 평점 낮음ㅋㅋㅋ,10
불릿 트레인,"어설픈 킬빌 짝퉁인가 코미디라는데 어디서 웃어야 할지도 모르겠고, 스토리도 뻔하고, 뱀이 누구를 언제 무나 까지만 조금 기대했다.",1
올빼미,연기 연출 빠지는 게 없네요,10
탑건: 매버릭,올해 최고의 영화,10
영웅,너무 감동받았어여ㅜㅠ 특히 나문희 배우가 노래 불렀을 때  진짜 슬펐어요 ㅜ강추드립니당!,10
영웅,뮤지컬이..생소한사람인지라..!!!!뮤지컬영화?!!아직은..?!!얼마전..인생은아름다워란영화를봤지만..?!!암튼..개인적으로..영화는영화적으로..뮤지컬은..뮤지컬답게..섞어찌개는..이것도저것도아닌..모호하네요??!!!ㅋㅋㅋ,8
영웅,꼭 보세요 감동입니다..,10
헤어질 결심,사랑도 헤어짐도 너무 힘들다...,8
카사블랑카,낭만 ㄹㅇ...,7
영웅,아는 내용임에도 감동과 복받치는 눈물이 흐르네요 특히 나문희선생님의 노래와 진심어린 연기가 정말 숙연해지는 영화입니다  한국인 이라면 꼭 봐야하는 뮤지컬 입니다 ,10
브이 포 벤데타,과거의 영광인가 명작에서 강등,8
영웅,마지막 장면이 끝나고도 눈물이 계속 흘렀습니다.. ㅠㅠㅠ,10
원더풀 라이프,인생을 더 의미있게 살아가야겠다는 생각이 들었다.,10
엑소시스트: 디렉터스 컷,이거다... ㄹㅇ,10
아바타: 물의 길,아바타이타닉 2022,10
올빼미,관상 이후로 최고. 대종상감,10
유치원에 간 사나이,가족들과 보기 좋은 훈훈한 영화,10
블랙 팬서: 와칸다 포에버,괜찮게 봤습니다,6
영웅,보는내내  배우님들  목소리에  울림이  감동이예네요.지금을 있게해주신 이름모를 그분들의 용기 잊지않겠습니다.영웅 다시 일깨워 주는 영화 최고였네요.,8
아바타: 물의 길,"영상미는 정말 cg와 실사를 구분하기 힘들 정도로 훌륭합니다.근데 마지막에 다같이 싸우러 갔는데, 왜 나비족 사람들만 싸우는지??? 난 물속에서 지낼수있는 그들이 구하러 올지 알았는데…",9
아바타: 물의 길,압도적인 영상이지만 자루한 전개와 스토리,8
영웅,편지신이 슬픈영화...,10
코르사주,달라야 한다는 강박증으로 밋밋해져 버린,6
동감,괜찮게 봤습니다,7
자백,영화 극초반 김윤진 배우의 톤과 대사가 &amp;#39;~어요&amp;#39;로 너무 일정한게 나도 모르게 장수원의 로봇 연기를 떠오르게 만들어 집중력을 흐리게 만들었다.,8
영웅,오랜안에 좋은 영화를 봄. 적극 추천,10
아바타: 물의 길,3D로 보세요 너무 재밌어요 !!,10
영웅,"평점이 왜이리낮은걸까..정성화야.. 이미 알려진뮤지컬배우라,, 훌륭했다그리고 김고은의재발견이다..조우진도..연기도 노래도 이렇게잘했나..싶다.만족하는 뮤지컬영화다",10
영웅,정성화 김고은 노래가 이 영화의 절정인듯,10
아바타: 물의 길,"연출제외하고 말하자면 아니 도대체 왜 마지막에 바다를 고향으로 삼는거임 다끝났으면 그렇게 그리워하던 고향 돌아가야지.. 악당까지 너무 3을 준비하는 게 티나는 결말. 보면서 엥스러운게 많았음 1만큼의 감동은 전혀 볼 수 없음, cg에 돈쓴만큼 당연히 스토리도 탄탄하게 준비했을거라 생각한 내 기대를 와장창 부숨",7
영웅,확실히 뮤지컬 영화의 감동 재미요소가 있다.,8
영웅,너무 감동적이고 꼭 봐야하는 영화에요,10
"오늘 밤, 세계에서 이 사랑이 사라진다 해도","하 진짜 너무 재밌어요 제 인생 영화,,영화 후반부에는 영화관에서 다 우는 소리 났음",10
"오늘 밤, 세계에서 이 사랑이 사라진다 해도",중간에 전개가 너무 빨라서 아쉬웠음,8
아바타: 물의 길,너~~~무 뻔한 내용ㅠ미국스런 대사ㅠ그 기술로 이런 저급한 싸움?영상미 하나로 보는 영화2022년 현재 그래픽은 어디에 있는지 확인!,6
바울,주님의 사랑 너무나 감사하며 주가 빌려주신 몸과 영혼 주님을 위해 쓰다 가게 주님 인도하여주시옵소서,10
올빼미,보이는 것 그대로를 말할 수 있다면,9
지옥의 화원,요런 병맛코미디 액션 좋앙 재미 있었음  ㅎㅎ 나가노 메이 이쁘당,10
영웅,"뮤지컬로 두번 봤는데, 영화로 다시 봐도 너무 좋았습니다. 안중근의사와 독립을 위해 희생된 모든분들께 감사하며 살아야겠다는 생각이듭니다. 많은것을 생각하게 해주는 소중한 영화입니다. 많이들보시면 좋을것같아요ㅠ",10
아바타: 물의 길,스토리는 그냥 저냥 평범다만 아바타1 (산이 배경)보다 아바타2가 (바다가 배경이다 보니) 영상미가 훨씬 예쁘고 풍부한 느낌이었다. 다만 10년 전이야 이런 그래픽이 파격적이었기 때문에 희소성이 있었지만 지금은 흔한 그래픽(?)이기 때문에 그때만큼 감흥이 없음. 연말에 그런대로 볼 만하다. ,10
영웅,안중근. 그 이름 세 글자가 모두 말해줍니다.,8
영웅,그냥 최고에요 역사를 잊지맙시다,10
아바타: 물의 길,대박 이건 영화가 아니야 이건 실제야,10
아바타: 물의 길,개인적인생각임을..미리밝힙니다!!!3편을위한..전초전의색깔이..강함!!예상컨데..3편은개봉할것이며..판도라행성을두고..원주인(나비족외다수종족)과하늘사람들(지구를잃어가는지구인들)의최후의전쟁이..예상됨!!!!따라서..평점도..딱중간만?!!ㅋㅋㅋ,5
아바타: 물의 길,대작일세 ㄷㄷㅋㅋ....,10
양자경의 더 모든 날 모든 순간,"딸가진 엄마라서 감동포인트가 높을수밖에없는 영화네요. 제가 아빠였다면 이 정도는 아니었을거같긴해요. 왜냐하면..부모로써 어른으로써 열심히 살다보면 그렇게살수도있지 뭘 저렇게까지?라는 지점이 있어서. 애초에 극본이 좋았을것같고,연출을 많이들 칭찬하는데.. 아무리 맥시멀개성파 연출이라지만..다정하고 심플한 주제에 맞게 연출도 좀 심플하고 다정했으면 좋지않았을까싶고. 아무래도 같은 아시아인이여선지 표정이 금방 와닿으니까 연기부분에서 제일 좋았다고 생각듭니다. 양자경도, 콴도 인생을 표현하는 배우가 된지 오래니깐. 서양배우에겐 아시아틱 신파가 안어울렸을거같고 원안대로 성룡이 딸or아들 이랑 콤비했다면 되려 신파적으로는 반감됐을것 같네요. 간만에 대작까진 아니어도 재미는 있었지만, 연출적으로 코믹면에선 가디언스갤럭시를 봤을때만한 신선함까진 아니었다 정도.",8
영웅,영화  영웅 보믄서 눈물 흘리면서 봤음 너무 슬펏어요,10
영웅,안중근의사 유해 꼭 대한민국으로 돌아오길 기원합니다.가슴 먹먹한 영웅 다시금 더 열심히 살고픈 삶의 의욕을 주내요연기자분들 연기력 가창력 연출 최고 였습니다.,10
영웅,우리가 당연히 누리고 있는 이 자유가 진정한 영웅들의 숭고한 희생에 의한 자유였음을 잊고 있었습니다. 대한독립을 위해 목숨 바친 애국자들을 위해 잠시나마 눈물을 흘리며 묵념의 시간을 갖게 해준 영화....잘 봤습니다. 오랜 시간 가슴에 남을 것 같습니다.,10
아바타: 물의 길,그래픽은 굳~~ 감동 살짝~~스토리는 글쎄요 ㅜ.ㅠ,8
영웅,남녀노소 대한민국 국민이라면 무조건 봐야하는 영화. 지금 이 나라에서 우리가 이렇게 살 수 있는 이유를 또 앞으로 이 나라를 어떻게 이끌고 살아가야하는지를 다시한번 깨닫게 해주는.,10
영웅,"뮤지컬적 요소와 연기가 스무스하게 연결되지 않고 어색하게 이어짐의 연속.관객들이 스토리에 몰입할수있도록 도와주지 않고 부분부분에 가벼운 조크가 난무...연기와 노래 그리고 배우.. 따로따로보면 다들 잘하는데 ... 관객이  부드럽게 빠져들게 하는게 좀 부족한것 같음. 왜 우리나라 영화는 레미제라블, 라라랜드처럼 연기와 노래를 보고 관객이 부드럽게 빠져들지 못하는가..  안타까움..",4
영웅,뮤지컬 못지않은 감동을 주네요 올해 최고의 영화,10
영웅,한편의 뮤지컬같은 영화. 중간중간 박수칠뻔. 조마리아님의 편지글에서 눈물이 펑펑.  누구나 아는거지만 아무나 할 수 없었던 우리의 역사우리 후세들이 길이길이 기억하고 새겼으면 좋겠다. 배우님들 명연기. 끝나도 끝나지 않은 여운과 감동 기립해서 박수를 보낸다.여기저기 부은 눈들을 닦으며 나오시는분들모두들 나와같은 감동을 받으신듯.추천합니다.,10
아바타: 물의 길,물속에 있는 느낌 대단한 영상미 ,10
영웅,너무너무.감동적이며 그시대의.아픔에 눈물이 펑펑. .독립운동가들의 그.고통과.헌신으로 지금의.독립된 나라에서 편히.살고있는게 아닐까요?안타까운건 안중근 의사의.시신이.아직도 한국으로 돌아오지.못한채 일본에서 어느곳에 두었는지도 모른다고 한다. .암울하고 처절한 그시대의 영웅들에게 가슴속 깊은곳에서부터.박수갈채 를 보낸다,10
아바타: 물의 길,2022년 최고의 영화를 고르라면 탑건2와 아바타2 뭘 고를지 고민이될 정도임. 런닝타임은 길지만 3시간 내내 너무 만족스러웠던 영화. 꼭 3D로 보세요~,10
영웅,지금 현실에 더 가슴아픈 영화입니다.,8
나 홀로 집에,크리스마스 때 보기 재밌는 이유,8
탄생,너무 지루해서 참다참다 후반에 나갔어요...,2
폴라 익스프레스,동심을 아직까지도 지켜주는 영화. 매년 크리스마스 때마다 찾아 보는 영화. ,10
영웅,영화관에서 눈치 보며 눈물 뚝뚝 흘렸네요..ㅠㅠ,10
아바타: 물의 길,재밌긴 한데 너무 길어요... 등에 욕창생길뻔..ㅠ,8
영웅,보면서 눈물이 안 멈췄다..,10
영웅,말이 필요없다 여운이 가시질않는다,10
영웅,인생영화예요 최근들어 제일 재밌고 감명깊게 본 영화네요 또 보고싶을정도예요,10
아바타: 물의 길,다 좋은데 스토리가 겁나 발암걸릴것 같다…ㅠ 마지막 전투씬에 나비족은 다 도망감…?,7
올빼미,모든 배우가 한 분도 빠짐없이 연기력 장난아님,10
아바타: 물의 길,"단 1초도 딴짓을 할 수 없게 만든 영화정말 스토리도 영상도 최고였다.울컥울컥한 씬들도 제법있었고,강추다 강추 인생영화 등극",10
영웅,보는 내내 가슴 속 무언가가 울컥했다.잊지말자.,10
불도저에 탄 소녀,그놈의 돈과 권력이 뭐라고.. 파란만장한 소녀의 인생이야기.. 너무 불쌍하고 안타깝다..ㅠ ,9
영웅,눈물콧물 다 흘림.. 또 볼 듯,10
나이브스 아웃: 글래스 어니언,미국 사람들은 이런거 좋아하나부다. 그나마 볼건 매들린  클라인의 비키니샷뿐. 그냥 순서를 뒤섞지 말았으면 했어. ,5
극장판 짱구는 못말려: 신혼여행 허리케인~ 사라진 아빠!,"가족애는 상당히 좋았음. 그러나 조력자,빌런의 임팩트가 너무 약했음8점짜리가 빈약한 임팩트덕에 6점되어버림",6
영웅,영화끝나고 집에오는동안 아무말도 못했다 계속 복받쳐 눈물만 주륵주륵 흐를뿐…,10
영웅,"정말 명배우들과 특히 나문희 선생님의 마지막에 나오는 사랑하는 내 아들, 도마 라는 곡은 정말 너무 서글프고, 그때의 어머니의 마음을 떠올리게 해주는 울음 포인트라고 생각합니다. 뮤지컬 원작 영화 답게 노래들이 하나하나가 다 좋네요.. 꼭 보세요",10
아바타: 물의 길,최고! 너무 재밌다!!,10
"오늘 밤, 세계에서 이 사랑이 사라진다 해도",10점으로도 부족하다. 이 겨울의 인생영화,10
아바타: 물의 길,체고인데 왜 8.8이지?? 넘 재밋다,10
아바타: 물의 길,난 울었다..영화 시각적인 자극 그 이상의 것을 준다..,10
영웅,너무재밌게봤습니다...,10
영웅,주제 자체가 워낙 유명한 의사 전기라 스토리는 어쩔수 없으나 울림은 있음 영화관에서는 보기 살짝 아쉬워욤 연출이나 카메라 구도나 어쩔수없이 오글거리는 부분이 있음 안중근의사 영화라 함부로 평가는 어려우나...ㅠㅠ,7
영웅,눈물버튼이 너무 많았어요손수건 챙겨가세요…안중근 짱노재팬.. 일본여행 안갈거야….,10
영웅,안중근의사 재판장에서 마지막 자신의 변론할때대사 하나하나 누가 죄인이란 말이냐고하는부분 뮤지컬영화답게 가장 잘 살린 대목중한부분인듯 합니다. 최고최고 입니다.감명깊게 잘봤습니다.  또 보고싶습니다. 김고은 정성화배우님 연기 노래 너무 잘 봤습니다.윤제균감독님 좋은영화만들어주셔서 감사드립니다. ,10
플라이트,거짓말 어케 참았노..,10
영웅,끝까지 뮤지컬로 가던가.. 아니면 처음부터 진지하게 가던가.. 노래했다.. 말았다 연기했다가 갑자기 노래했다 하니까 뭔생각에 뭔 목적을 표현하려고 한 것인지 알수가 없잖아.. 보는 내내 영화가 머릿속에 안들어와서 내내 웹툰만 봄.. 재미 대가리가 없어,1
리멤버,이성민배우의 신들린연기 최곱니다 믿고보는배우일제의 만행은 현재진행형,10
아바타: 물의 길,1보다는 못한감이 있지만 좋다,10
영웅,피곤했는데 졸린거 없이 집중하고 봤어요 보다가 많이 울었네요 무대인사까지 보고 너무 좋았어요 기억에 남는 크리스마스가 될것같아요,10
아바타: 물의 길,자다가 왔슴. 영상만 3시간 보기엔!,4
원피스 필름 레드,처음엔 정말 디자인 별로라고 생각했는데 다 보고 나니 우타의 인기가 납득이 가게 되었다.,8
"오늘 밤, 세계에서 이 사랑이 사라진다 해도","진짜ㅠㅠㅠ대사 하나하나가 다 너무 좋고 영화관에서 펑펑 울었습니다 진ㄴ짜 당분간 책으로도 볼 예정 입니당,,",10
아바타: 물의 길,13년을 기다렸는데... 너무 기대가 컸나봄 1편을 극장에서 3번 봤지만 2편은 1번만으로 족함,8
"오늘 밤, 세계에서 이 사랑이 사라진다 해도",영화관에서 펑펑 울었다,10
영웅,감동 최대치 아들도 신랑도 저도 눈물 줄줄 ㅠㅠ,10
롱 리브 더 킹: 목포 영웅,속시원해지는 영화. 재밌게 봤구요. 김래원배우님 멋져요,10
나이브스 아웃: 글래스 어니언,유치한 추리극의 말로. 엔딩 씬에서 모든걸 시원하게 터트려 보았지만 터진건 영화의 결말이였다,5
나이브스 아웃: 글래스 어니언,그냥 보셈 두번 보셈 세번 보셈,10
살인의뢰,마음이 참 복잡해지는 내용입니다. 그리고 동시에 배우들이 연기를 너무 잘하셔서 몰입해서봣어요,10
데이 시프트,"중반 추격 액션까지는 킬링타임용으로 재밌게 봤습니다. 그런데 중반 이후 갑작스러운 전개, 이해 되지 않는 인물들의 행동, 다른 각본가가 투입된 것처럼 유치해진 대사들에 조금 보기 힘들었네요. 마지막은 무슨 던전 RPG인줄..그나마 액션 연기, 중반까지의 흥미진진함, 매력 있는 캐릭터들로 망작은 면한 것 같습니다. ",6
영웅,정성화 김고운 나문희 등 출연한 배우들의 연기는 너무 너무 좋았습니다.K뮤지컬 영화의 스토리 전개 개연성 시도와 노력 첫 단추를 꾀어낸 것만으로도 박수 보냅니다.하지만 너무 정형적인 올드한 연출과 2시간내로 함축해서 많은걸 보여주기 한계가 좀 느꼇습니다플롯이 너무 진부할 지언정 유머러스하게 풀어내 나갈려는 의도 좋았지만 저는 50% 만족입니다.유머도 너무 예상된 전개내에 나오는거라 ...고생 하셨네요 연출진 배우 스텝 모두 ,5
영웅,재밋는데요? 인생영화 탑5 안에듬,10
영웅,안중근 의사님을 비롯한 모든 대한민국 열사분들께 진심으로 감사하다는 말씀드리고 싶습니다.,10
영웅,"기대 안하고 봤는데 너무너무 재밌었어요.개그요소도 재미있고, 배우들이 전부 가창력이 좋아서 감탄하면서 봤어용! 영화관에서 봐야해요 이건",10
영웅,뮤직컬을 잘 안보는 사람이라 좀 걱정은 했는데..더 감동적으로 다가오고 집중도도 좋았습니다.딸과함께 오랜만에 좋은영화 보고와서 시간이 아깝지 않았어요^^  ,10
나 홀로 집에 3,개인적으로 재밌었음 이번 크리스마스에 또 보니까 주인공 너무 귀엽다..,10
영웅,진짜 꼭보세요!!!두번세번보세요~,10
영웅,갓정성화A급배우? 쳇특급배우입니다연기 노래 감성 코믹 다되는 배우박진주의 재발견까지강추강추합니다대한독립만세!,9
아바타: 물의 길,돌비애트모스 굳국굳,9
영웅,마지막에 조마리아 여사가 노래할때 눈물펑펑~~,8
영웅,꼭!! 봐야하는 영화입니다..뮤지컬도 봤지만 영화 스토리가 더 좋음,10
영웅,뮤지컬 영화답게 넘버하나하나 감동이었어요. 중간중간 저도모르게 박수칠뻔했네요. 아이들과 같이 보면서 역사에대해 다시한번 되새겨보는 아주 좋은 시간이었습니다.,10
영웅,조마리아 선생님 장면마다 울었어요 정성화배우님 연기랑 가창력만으로도 다시보고싶어요,10
올빼미,유해진 배우님 연기가 엄청나네요 재밌었습니다,9
아바타: 물의 길,뛰어난 영상미와 특수효과!3시간 15분이 흥미진진!,9
영웅,뮤지컬 영화가 제대로 탄생했습니다.장면 전환에 감동하고 갑니다. 윤제균 감독님!감동의 박수를,10
아바타: 물의 길,아바타가 유명하고 인정받는 이유는 다 있지,10
영웅,뮤지컬 영화가 제대로 탄생했습니다.장면 전환에 감동하고 갑니다. 윤제균 감독님!감동의 박수를,10
나이브스 아웃: 글래스 어니언,기대를 져버리지 않는!!,10
영웅,가슴 뭉클해지는 뮤지컬 영화였습니다. 여러번 보고싶을 정도로 감동적이게 봤네요.,10
영웅,지루하지 않고 끝까지 집중할수 있었어요..뮤지컬을 좋아해서 그런지 뮤지컬 영화도 좋았어요.정성화 김고은 등 출연진의 연기도 좋았고 정성화 노래는 물론이고 특히 김고은 노래 기대 이상으로 좋았어요.,9
영웅,"라라랜드의 someone in the crowd씬, 레미제라블의 자베르 다리 자결씬, 장발장의 교회 독백씬, 얼음왕국의 궁전씬은 빼다 박은 정도를 너머 데자뷔에 온몸이 일그러지게 만들기에 충분했다. 역사를 다루는 영화는 감독의 중대한 책임의식과 역량이 뒷받침 될 때 제작을 결정해야 한다. 훌륭하고 진중한 고증들 사이에 경박스럽기 짝이 없는 설정과 대화를 틈틈히 메꿔서 흥행성을 담보하려는 무모한 시도는 관객의 눈길을 잠시 끌 수는 있으나, 대한민국 역사 이미지와 영화사와 큰 과오를 남길 뿐이다. 이 특유의 조악함과 경박스러움은 다수의 매치컷을 활용해 화면을 전환하고 롱테이크로 기교를 부리는 것만으로는 절대 해결할 수 없는 상업중심 한국영화의 최대 약점이다. 후반부 성인 조마리아 여사님의 묘사, 정성화와 안중근 의사님의 싱크로율과 존재감, 그리고 대작 뮤지컬을 스크린에 주워담으려는 눈물겹고 조잡스러운 시도의 가치를 제외하곤 온전하게 가볍고 경솔한 한국영화 전형의 표본이다.",3
불릿 트레인,와 넷플릭스 였으니깐 그냥 넘어가지이걸 돈주고 봤다? 쌍욕해도 합법이지,2
영웅,역사를 다시 한번 되돌아보게되는 감동깊은 영화에 연기자들의 명연기까지  정말 최고입니다 ,10
영웅,각 배우들의 연기 다 좋았고 중반 명성황후 시해 당하실때 마음 아팠다..,10
아바타: 물의 길,진짜 꼭 보세요감동 재미 영상미 뭐 하나 빠트릴게 없습니다ㅠㅠ,10
아바타: 물의 길,보다가 이렇게 졸린 영화는 처음임,1
아바타: 물의 길,어느샌가 영화관 불편해서 오래 못앉아 있게 되었는데 이번엔 3시간 짜리임에도 분구하고 이런 대작은 가서봐야된다 싶어 3D로 관람했는데 너무 잘한거 같아요~ 시간이 언제 가는줄도 모르고 빠져서 보고 나왔어요~ 오랜만에 푹 빠져서 너무 잼있게 봤어요~강추합니다~,10
영웅,감동 받았습니다 대한민국 만세 독립 열사들 모두 감사합니다 ㅜㅜ,10
패딩턴,패딩턴 울음소리ㅎㄷㄷ,10
패딩턴,패딩턴 울음소리ㅎㄷㄷ,10
올빼미,"내내 고품격을 유지하다 개연성이 결여된 결말 탓에 한순간에 유치해져 버린 영화. 안타깝다. 그래도 연기, 영상, 재미 모두 만족스러운 영화였다.",8
아바타: 물의 길,너무너무너무재미나요ㅋ,10
"오늘 밤, 세계에서 이 사랑이 사라진다 해도",가슴에 뭐가 걸린 것처럼 먹먹하다,9
"오늘 밤, 세계에서 이 사랑이 사라진다 해도",남주가 내가 좋아하는 인물이라서 보러갔는데 사람들 말로 진짜 눈물만 나온다. 내 5손가락 안에 드는 슬픈영화였다. 처음에는 먹먹한 감정만 있는데  끝에 가는데 너무 슬퍼서 눈물이 왈칵 흘러다,10
아바타: 물의 길,영상미 좋았지만 플레이타임 너무 길어요,7
영웅,간만에 극장에서 펑펑 울었습니다. ,10
아바타: 물의 길,베리굿!! 근데 자식을 잃은 슬픔은 아프지만 극복하면서 살아가길!,10
올빼미,별기대안하고 봤는데 류준열의 연기가 소름이였어요~~추천합니다~^^,10
영웅,재미있게 봤어요 :),7
핑크퐁 시네마 콘서트 2: 원더스타 콘서트 대작전,스토리도 없고 유튭이 더 재밌는듯...정신도없고 재미도 없어요..  ,2
해운대,이런걸 영화라고 ...ㅠ참 수준하고는 전부 페러디..도쿄참공ㆍ버티칼리미트ㆍ팁임택트...등등..ㅠ이런걸 영화라고 만든 감독이나  출연한 배우나 관객이나..참....우리나라 영화 만드는 수준은..ㅠㅠ,2
아바타: 물의 길,와아 너무 재밌어요.... 꼭 3D로 보시길 추천...ㅠㅠ 눈이 즐거운 영화에요,10
영웅,역사에 대한 사실적인 표현은 좋은것 같으나 연기자의 연기가 작품에 비해서 별로였던것 같고 주인공의 연기가 많이 부족해 보인다.개인적으로 6점도 아까우나 일본의 만행을 바로잡는 좋은 영화라고 본다. 주인공이 너무 별로다 ㅠ,6
영웅,배우분들이 노래를 잘 부르셔서 놀랐었다. 그리고 정말 재밌었다,7
영웅,대한민국의 국민이라는 자긍심에 눈물이 났습니다.정말 당신이 있어 지금의 제가 우리가 있습니다.배우들의 연기력 가창력 영상 모두 좋았습니다.,10
아바타: 물의 길,규우우우우구우우우욷,10
어벤져스: 엔드게임,인생영화 재미와 감동을 다 갖춘,10
나이브스 아웃: 글래스 어니언,재밌는데 평점테러가 좀 있네요. 팬데믹 세계관 마스크 나올때부터 웃겼어요. 그 와중에 마스크 화려하고 쓰레기들(?)에 어울림. 1편부터 반했고 3편도 나왔으면 좋겠어요,10
아바타: 물의 길,네이버 평점이 왜이렇게 높은지 ..?,2
외계+인 1부,보통은 영화스토리가  산으로 간다하는데 안드로메다로 가겠네 ,2
영웅,호박고구마만 봐도 눈물이 나네요,8
극장판 소드 아트 온라인 -프로그레시브- 짙은 어둠의 스케르초,우리학교 여드름나고 씹덕같이 생긴애가 이거보는 진짜 헛구역질이 나올려고 한다 ㄹㅇㅋ 그리고 내일 그녀석 안경 부러트리러 간다 ㅋㅋ,2
아바타: 물의 길,"영상미야 뭐 말할 것 없었지만, 10년의 세월에 대한 기대치가 너무 컸던 건지^^;; 아맥 3D 정 가운데 줄 정중앙에서 봤는데도 그닥 몰입감이 크게 느껴지진 않았네요. 그냥 선명한 2D를 보는 느낌?!(옛날 3D 화면에 비하면 장족의 발전이라고 하나, 완전 빨려가는 느낌을 받고 싶었는데ㅠ 아님 지방 상영관이라 그런건진 몰라도?!) 또한 스토리를 기대 않고 본다 해도 굳이 이걸 3시간 넘게 잡을 필요가 있었는지 좀 의문이 드네요. 다음 편은 2시간 반 내외로 해주면 딱 좋을 것 같네요~!! 그래도 연말에 재밌게 봤습니다. ",8
영웅,진정한 국민이라면 (조상이 친일파 아니라면) 꼭 봐야할 영화다.다아는 내용이지만 감동의 연속,10
코르사주,스펜서가 생각나네요.,9
인생은 아름다워,곱빼기 점수 드리고싶어용♡감성적이고 서정적인 영화입니당~게스트 훌륭♡ OST 굿!!! 소장각입니닷^^,10
저스트 프렌즈,라이언레이놀즈 나오는거 보려고 검색했는데 뭐 이런 듣보잡이 튀어나와,1
아바타: 물의 길,전쟁중에 물의 부족 밥 먹어러 갔나. 맨마지막 상갓집 밥먹어러 모인듯.너무 지루함. 1시간20분짜리면 될듯.,2
영웅,올해 본 영화중 제일 입니다,10
영웅,정말 재미있게 보긴 했지만..알라딘 따라한듯한..느낌..,10
영웅,오늘 가족들 동원해서 다보고왔습니다~~잘만들었어요ㅡ아깝지않은시간이었습니다,10
나우 유 씨 미 2,너무 재밌게 봄 ㅎㅎ 배경음악도 좋고 웰메이드 마술영화임 근데 점점 마술보다 마법에 가까워지는 느낌? 생각안하고 보면 유쾌하게 볼수있음 3편이 얼른 나왔으면,9
올빼미,유준열배우님의 연기가 넘 좋았어요. 맘아픈 내용이었지만 넘 감동적이게 잘봤습니다. 재미있어요. ~~^^,8
아바타: 물의 길,나만 당할 수 없다 10점,10
"오늘 밤, 세계에서 이 사랑이 사라진다 해도",너무 재미있었다.. 남주 잘생겼고 여주도 예쁘고 눈호강 하면서 재미있는 영화여서 너무 좋았다ㅜ,10
영웅,국뽕을 무기로 만든 영화. 보면서도 안중근의사께 죄송스러운 마음. 스토리라인이나 개연성이 많이 떨어지고 느닷없는 감동포인트를 강요당하는 기분 ,4
아바타: 물의 길,영상이 정말 훌륭합니다.,9
영웅,정말 좋은 영화입니다~~~^^,10
아바타: 물의 길,최고에요 역시 아바타네요,10
원피스 필름 레드,ㅋㅋ원피스는 존재한다 그리고 이 영화 우리반 뚱뚱한찐따가 추천해서 봤는데 개노잼이라서 내일 찐따쉑 조지러간다 ㅋㅋ,2
아바타: 물의 길,애정의 시작과 친구가 되는 과정을 조금 줄여주면 러닝타임이 이렇게 까지 길게 안나왔을텐데라는 생각이 드네요,4
아바타: 물의 길,영상미 하나로도 시간가는 줄 모르고 봤습니다.,10
영웅,"뮤지컬 영화라고 어색함을 느끼면 어쩌나 감정선이 무너지면 어쩌나 걱정했어요 하지만 첫 장면부터 몰입하며 보았습니다 역사가 스포일러인 영화라 대사 하나하나가 다음 장면에 어떤 일이 벌어질지 알기에 더 안타깝고 마음이 아팠습니다마음이 웅장해지고, 뜨거워지는 영화입니다 추천해요",10
아바타: 물의 길,3시간내내 집중을 어떻게하나 고민했는데 말이필요없다 3시간내내 풀집중하고 봤네요 크리스마스날 인생영화한편찍음 캬 강추,10
영웅,감동적이었습니다. 가족과 함께 꼭 보세요~,10
라 비 앙 로즈,충분히 재개봉의 가치가 있는 영화. 아네트 이전의 마리옹 꼬띠아르의 모습을 볼 수 있어서 좋았어요.,10
영웅,뮤지컬 보신분들은... 실망이 크실듯... 연출이... 최악이였음. 김고은 OST 보단 영화에서 좀더 좋았고 링링의.진주 노래 좋았음.. ,6
영웅,"정말 감동입니다.우리가 잊고 있던 역사관을 일깨워 줍니다.아주 잘 만든 영화이고 감독,배우 분들의 열정이 느껴집니다. 절대 신파라는 말로 매도 될 영화가 아닙니다. 아바타에 묻혀서 소중한 이 영화가 묻히는 일이 없길 꼭 바랍니다.",10
원피스 필름 레드,신시대 노래가 좋아요.,10
헌트,재밌게 잘 봤습니다!!,10
영웅,말이 필요 없다,10
울고 싶은 나는 고양이 가면을 쓴다,ㅋㅋ노잼of개노잼ㅋ ,2
"오늘 밤, 세계에서 이 사랑이 사라진다 해도",모든부분에서 완벽했다 ㄹㅇ ,10
아바타: 물의 길,크리스마스 연말 시즌에 코로나도 적당히 풀렸겠다 요즘 볼 영화가 없어서 대박을 친 것 같은데 3D가 더 이상 신선하지 않아서인지 1편만큼의 감동은 없었음. 그리고 제목은 아바타인데 아바타는 하나도 없었음. ,8
헌트,보는 내내 엉성함이 계속 느껴졌음. 결말도 흐지부지. 액션만 그저 그렇습니다. 킬링타임용으로도 비추합니다.,2
찰리와 초콜릿 공장,결말이 감동적인 영화:),10
아바타: 물의 길,3D로 보는거 추천드려요!! 자리는 3번째나 4번째가 젤 좋은거 같아요! 진짜 재밌어요 ,10
긴급구원 더레스큐 ,거창한 스케일로 가릴 수 없는 구닥다리 각본,3
나 홀로 집에,볼때마다새로운 마법의영화,10
영웅,우린 모두 안중근이다.  대한민국만세!,10
패밀리 맨,어른들을 위한 크리스마스 동화,10
나이브스 아웃: 글래스 어니언, 결말이 이래도 되나 싶을 정도로 어이가 없어요. 탐정영화의 결말이 아니라 페미니즘식 결말이어서 좋아하시는 분들은 좋아하실 수 있을 것 같아요.  똑똑하고 능력있고 강한 여자와 그 여자의 업적을 훔쳐가는 무능하고 찌질한 남자의 대립구도 입니다. 은유적인 수준이 아니라 지나치게 노골적이어서 거부감이 드네요.,2
올빼미,보는 내내 손에 땀을 쥐게 만드는 연출...꿀잼,8
아바타: 물의 길,너무 감동이고 재밌게 잘봤습니다 3이 기대되네요   ㅠㅠ,10
해리 포터와 죽음의 성물 - 2부,해리포터 ‘Last Dance’,10
아바타: 물의 길,지루하다는평이 많아서 졸음 올까봐 걱정했는데~무색할만큼 영상미와 스토리도 너무 재밌고 좋았어요~~,9
영웅,꼭 봐야할 명작영화입니다.두시간이 지루할 틈이 없어요.,10
영웅,다 좋은데 만두파트는 걸리적거림;;;,7
올빼미,웬만해선 재밌다고 안하는데 너무 재밌어요 ㅠㅠ 몰입력 상당하고 쫄깃합니다 ,10
아바타: 물의 길,재미있었어요~ 실망도없공그냥 1편처럼 재미있었어용기대도 안하고가서 그런가?ㅎㅎ볼만해요~,10
"오늘 밤, 세계에서 이 사랑이 사라진다 해도",사랑은 뭐든지 제 뜻 대로 안 되는 거 같아요  이 영화 보고 너무 감동 먹어서 울기만 했던 거 같은데 운 기억밖에 없어요 다들 꼭 보세요 진짜,10
영웅,역사를 아는 아이가 역사를 쓰는 어른으로 자란다,10
신과함께-인과 연,반전도 조금 있고 한번쯤은  꼭봐야하는 영화,10
신과함께-인과 연,반전도 조금 있고 한번쯤은  꼭봐야하는 영화,10
헤어질 결심,생각이 많아지네요.영상미 너무 좋았고 탕웨이 배우 매력있네요,10
신과함께-인과 연,반전도 조금 있고 한번쯤은  꼭봐야하는 영화,10
영웅,안중근의사의 마지막 바램대로 그의 유해를 찾아서 한국으로 송환되길 간절히 바래 봅니다.,10
신과함께-죄와 벌,인생을 생각하게 해주는 영화,10
영웅,연출 스토리전개 연기모두 좋았고 감상에 푹젖어많이 울었습니다,10
신과함께-죄와 벌,인생을 생각하게 해주는 영화,10
"오늘 밤, 세계에서 이 사랑이 사라진다 해도",스토리가 잘 구성되어 있고 연출도 좋았음,10
영웅,"저희가 크리스마스에 보러왔는데요.되게 감동 받았습니다. 근데 저는 13살인데요.영화에서 피를 너무 심하게 흘리거나 잔인한 장면이 너무 많아 제가 숨을 못셨어요.계속 헛구역질 하고, 멀미하고, 머리가 아팠어요. 심장이 계속 뛰어서 죽을뻔했어요. 생각보다 잔인한 장면이 많으니 심장이 약하신분은 무조건 안보셔야 합니다.또 저희가족들이 제일 아쉬웠던 부분은 뮤지컬인건 좋지만 너무 쓸데없는상황에 노래를 부릅니다. 그래서 다 감동이 깨졌구요.처음에 조금씩 필요한 부분만 부를때는 되게 집중하게 되고 재미있는데, 끝으로 갈 수 록  이상한 상황에 노래를 부르거나, 감동적인 부분에 노래를 불러 감동을 깨뜨리는 장면이 많았어요. 저희 동생은 정말 만족했지만 저는 아직도 심장이 떨려서 호흡이 불안정합니다. 저는 그렇게까지는 추천하는 영화가 아니라고 생각합니다. 이 주제는 굉장히 영광스럽고 좋은 주제인데, 이렇게 나와서 좀 아쉽습니다..ㅠㅠ도 좋은 영화 만들어지길 바랄게요",4
영웅,잊고 지낸 슬픈 역사를 기억할 수 있는 영화.우리 선조들에 대한 고마움을 느낄 수 있는 영화.,10
올빼미,연기짱! 집중력 최고! ,10
퍼펙트 케어,간만에 진짜 재밌는 영화 봤다초반엔 암걸리다가 블랙코미디의 정석 마냥 진짜 너무 너무 재밌음 내용이 슬플뿐 ,10
"오늘 밤, 세계에서 이 사랑이 사라진다 해도",너무 슬퍼요. 그냥 슬퍼요영화 보면서 울고 집 가면서 울고 집에서도 울었어요.. 토루.. 너무 불쌍해요.. 그냥 모든 게 슬퍼요. 그리고 스토리 자체도 그렇게 심심하지도 않고 남주? 개존잘. 후반에 너무슬퍼서 완전 울었어요..친구는 계속 웃어요.. 아니 강추 꼭 보세요.♡,10
영웅,12살 아들과 눈물 흘리면서 보았습니다.느끼는 것이 같아서였겠지요..아이에게 올바른 역사관에 눈을 뜨게해준것 같아서 너무 감사드립니다.,10
"오늘 밤, 세계에서 이 사랑이 사라진다 해도",슬프다해서 준비하고 갔는데 별로 안슬펐음  갑자기 너무 급전개라 당황함1시간 30분 정도는 이게 뭔 영화인지 모르겠고 몰입도 안됨 +지루함남은 삼십분은 아 이런스토리구나 이해함 ㅇㅇ그다지재밌진않았음,6
아바타: 물의 길,앞부분 쪼금 지루함. 별 내용이 없음,6
영웅,시작부터 웅장함과 가슴찡함에 뭉클했는데결국 막판에 오열하고 나왔다.수분이 많이 빠져서 근손실이 났지만다시 또 볼거다.그리고 뮤지컬 꼭 보러갈꺼다!!,10
아바타: 물의 길,두번봐도 후회없을 영화,10
브레이킹 던 part2,이젠 클쓰마스에 나홀로집에가 아닌 트와일라잇이다..,10
영웅,진짜꼭봐야하는영화 꼬레아우라!! ,10
아바타: 물의 길,영화를 보는 건지 예술을 보는 건지 스토리토 탄탄했고 눈물 감동 웃음 전부 있었어요 ,10
아바타: 물의 길,영화에서 볼 수 있는 가장 최고 수준의 경이로운 아름다움을 봤어요 꼭 다시 보게 되겠네요,10
롤러코스터,최악.결말이 왜 그래? 드라마야? 그게 끝이야?,2
영웅,뮤지컬때랑은 또 다른 감동이네요~,10
존 윅 3: 파라벨룸,그저 존윅4가 빨리 개봉하길 바랄뿐,9
영웅,배우들의 연기는 말할것도 없이 완벽했다. 스토리 역시 안중근의 일생을 잘 표현했고 영화의 많은 부분을 차지하는 뮤지컬 노래들도 너무 좋았다. 영화관을 나올때 눈물 범벅이 된채 나올 수 밖에 없는 영화였다,10
영웅,보지마세요 돈주고 그냥 개쓰레기영화노래만 하다 끝남 ,1
영웅,역사 의식과 안중근 장군의  의지에 찬사를 보냄,10
영웅,안보려다가 봤는데 완전 다들 눈물빼고&amp;#39; 웃기는 부분에서는 다들 웃고~  너무 좋았습니다,10
"오늘 밤, 세계에서 이 사랑이 사라진다 해도",진짜 훌쩍거리는 소리만 들렸어욜 너무 슬퍼요ㅜ,10
한산: 용의 출현,점점더 미화가 아닌 영화적 요소를 충족하면서 현실을 고증해 가는 것 같다 ,10
영웅,민족의 역사를 그려낸 영화에 평점을 허락한 죄~~!!,10
영웅,"뮤지컬 영웅의 진중함과 한국영화 특유의 가벼움(?)의 조화가 매우 어색하게 다가왔다 역사적인 사실을 기반으로 한 영화인 만큼, 개그씬 다 빼고 진지하게 갔으면 좋았을 것 같다 ",6
아바타: 물의 길,돈도 시간도 아까운 영화입니다~~  한국영화 괴물이 훨씬더 뛰어나다는 느낌~~ 감동도 그어떠한 즐거움도 없는 지루하기 그지없고 그래픽이 뛰어나다는 찬사를 하는인간들은 여태 쥬라기공원도 안본건지?  그저 아바타1탄의 명성으로 우려먹을 생각으로 대충 시간만 늘려서 만든 느낌이 듭니다~~  어린이 명작동화 한편  본거같네요~~  잠오는거 억지로 참았네요~~,4
아바타: 물의 길,진짜 눈이 호강하고왔어요,10
아바타: 물의 길,화려한 영상에 정말 눈이 즐거웠네요 I라서 내적 감탄사를 엄청 외쳤어요!,10
아바타: 물의 길,역시는 역시!재미와 감동에 영상미까지!꼭 극장가서 보는 걸 추천합니다!,10
아바타: 물의 길,역시는 역시!재미와 감동에 영상미까지!꼭 극장가서 보는 걸 추천합니다!,10
아바타: 물의 길,재밌어요~~첨엔 쬐끔 지루~~하지만 3시간이 지겹지 않게 완전 강추~~^^,9
영웅,이거 보고 최소 2번은운다 ,10
아바타: 물의 길,화질 안좋은 영화관에서 봐서 그래픽을 못즐긴게 아쉬움 ㅠ 그렇지만 너무 재밌게 봐서 후회는 안함  화질 좋은 상영관으로 또 보러갈둣,10
영웅,장부가 큰 뜻을 품었으니..,10
나이브스 아웃: 글래스 어니언,갠적으로 스토리 반전미랑 추리의 난이도는 2편이 1편보다 못한것 같지만 연기도 좋구 배우들도 제몫 잘해서 친구들과 넷플릭스로 보기엔 너무나 좋았어요.길다는느낌도 없었구요.,8
영웅, 죽을것을 뻔히 알면서도 국가와 민족의 독립을 위해 기꺼이 자기 한 목숨받쳐서 동양평화와 대한독립을 이루고자한 진정한 독립운동가 &amp;#34;안중근의사&amp;#34; / 아쉬웠던점: 뮤지컬말고 그냥 영화로 만들었으면 국제시장만큼이나 평작은 갔을텐데... 솔직히 연출이 아쉬웠어요.. 배우들의 연기나 ost는 볼만했지만.. 연출은 그저 그렇네요... 국제시장만큼의 감동은 없었구요.... 하지만 안중근의사의 국가와 민족을 향한 결연한 모습에 대해서는 잘 묘사하였던것이 큰 여운으로 남고있습니다.,7
"오늘 밤, 세계에서 이 사랑이 사라진다 해도",영화를 보기 전에 이미 책으로 봐서 안 울 줄 알았는데 많이 울었다. 그리고 책으로 봤을 땐 결말이 좀 황당하게 마무리가 된 듯 한 느낌을 받았는데 영화로 보니까 그런 느낌 없이 마무리 된 느낌이였다. 이 영화는 볼 때마다 울 것 같다... 진짜 너무 슬픔...,10
아바타: 물의 길,초2 초4 신랑과 저까지 모두를 만족시킨 영화였어요 여운이 길게가네요 3d로 보길 참 잘했어요 조만간.한번더 보고싶어요,10
영웅,"영화도 감동적이지만, 노래가 제 감성을 자극해 너무 울었네요ㅜㅜ  최고의 크리스마스 선물이었습니다.집에서도 영웅앓이 중~~~~",10
영웅,안중근 정말 멋진분 대한독립만세,10
올빼미,올해 영화 중 제일 재밌었어요. 재밌게 잘 봤습니다,10
아바타: 물의 길,재밋네요 요즘볼만한영화가없엇는데재밋게봣어용,10
아바타: 물의 길,내용이 지난 번과 뭐가 다른가요....,2
영웅,너무 재미있게 잘 보았습니다감사하며 살겠습니다,10
영웅,"역사를 잊은 민족에게 미래는 없다.정성화는 물론이고 김고은의 의외의 가창력, 박진주의 감동있는 목소리 모두 좋았다.",10
에브리씽 에브리웨어 올 앳 원스,병맛감동과 영상미가 오묘하게 어우러지며 생각까지 깊게 하게 만드는 대단한 영화,8
영웅,대한민국 사람이면 누구나 다 아는 이야기지만 압도적 음악이 자연스럽게 액션 유머와 적절히 조합한 훌륭한 작품 잘 보았습니다. ,10
아바타: 물의 길,시각적으로 너무 훌륭해요. 압도적이다 라는게 이럴때 쓰는 표현인듯…,10
아바타: 물의 길,친구랑 봤는데 너무 재밌어서 3시간동안 눈 안때고 봤어요 다른 분들은 모르겠지만 저는 흥미진진해서 재밌었어요 가족이랑 한 번 더 볼 예정입니다 판도라에 가서 툴쿤타보고싶네여 동생 지키려다 죽은 형도 너무 불쌍ㅠㅠ,10
에픽 : 숲속의 전설,진짜 추억이다. 오래전에 나왔지만 지금 봐도 너무 재밌어,10
시간이탈자,이렇게 재미있는 소재를 이리 엉성하게 만들기 쉽지않은데..엉성하다는 말이 딱,4
메리 미,제니퍼로페즈도 드라큐라임.이영화 찍은나이가 오십몇살인데 삼십중반으로밖에 안보임.,8
영웅,다들 눈물흘리면서 봄 한국인이라면 봐야할 영화,10
영웅,잊지말자 우리역사...,10
영웅,1시간동안 울다 나온 사람입니다. 연기 개쩔고 중간중간 웃음포인트도 있고 노래도 진짜….ㅡㄱ냥 찢겼습니다. 꼭 보세요,10
영웅,2시간 내내 눈물을 쏟게 하는 영화,10
영웅,"최근 봤던 영화 중 제일 감명깊게 본 영화 말모,,",10
러브레터,이보다 더 아름다울 수 있을까?,10
영웅,엄청 울면서 봤어요.&amp;#39;,10
영웅,"진짜 최악 시도때도 없이 나오는 노래재밌지도 않은 코미디, 노래왜 나오는지 컨셉이 왜 이런지 모르겠는 주변인물 차라리 코미디, 노래 빼고 진지하게 나왔으면 오히려 그게 더 나았을듯 아무리 뮤지컬 영화라지만 너무 자주 길게 나오는 노래때문에 인도영화 같았음 안중근 진지한 장면이랑 노래도 차음에만 볼만했지 뒤로 갈수록 뇌절이란 생각밖에 안듬.차라리 아바타 다시볼걸 탑건 아바타 범죄도시 쥬라기 월드 보다 이거 보니까 소리지르고 뛰쳐나오고 싶었음 안중근 의사를 팔았다는 생각밖에 안듬 친일파 양성영화뒤로 갈수록 일본군 장면에서 뽕찼다",1
영웅,네..다음 관종 테러범.,1
아바타: 물의 길,감동입니다 몰입해서 봤습니다,10
아바타: 물의 길,1편보다  재미없다는 리뷰땜에  기대반걱정반으로  봤는데 많이  재미 있다2D로  봤는데 3D로 다시 한번 볼 생각  임.,10
아바타: 물의 길,다음생엔 나비족으로 태어나야지                        그 정도로 몰입감 쩔고 정말 순식간에 지나간 3시간이었음    나비족은 왜이렇게 멋있는가..   설리 가족은 하나다. 크으.. ,10
"오늘 밤, 세계에서 이 사랑이 사라진다 해도",기대만큼 슬프진 않았음 옆에서는 꺽꺽 우시는데 난 아무렇지 않아서 감정 없는사람이 된거 같았음,8
영웅,정말 감동적이에요ㅠㅠ 음악도 미쳤고 눈물이 뚝뚝 떨어집니다 ,10
영웅,이거볼바엔 발리우드 보는게 훨씬 재밌음러시아 산은 이뻤음,2
1917,1차대전 영화 중 단연 최고,10
영웅,원래 뮤지컬영화 안좋아합니다근데 오랜만에 감동적인 영화를봤네요잘안우는데펑펑 울었네요뮤지컬영화는 별로라는  나의 선입견을바꿔주네요넘감동적이 였어요,10
아바타: 물의 길,올해 최고의 영화.최고였다,10
영웅,한국인으로써 무조건봐야한다 요즘 우린 이런 역사를 잊은민족같다 ,10
영웅,다좋은데 누가죄인인가 노래 나오는씬에서먼가 좀 아쉬웠어요 좀더 웅장했으면더좋았을거같아요그리고 나문희배우가 노래하실때진짜 눈물참느라 죽을뻔했습니다,10
올빼미,긴장감 넘치고 스릴있음보는 내내 어떻게 전개될지 궁금해하며 보게 한 흥미로운 스토리임사운드도 너무 귀아프지 않아서 좋았음그리고 무엇보다 배우들 연기가 최고라서.. 몰입이 완전 잘 됨연기를 잘하고 못하는 게 어떤 건지 알게 됨역사 공부도 나름 되고 ㅎㅎ시청한 시간이 아깝지 않은 영화인 것 같음주변 사람들에게 극추하고 싶은 작품!,10
아는 여자,다시 봐도 그 시절 그 감동 그대로 ,9
영웅,아들과 잘 봤습니다.아직 여운이 가시질않네요ㅜㅡㅜ,10
아바타: 물의 길,최고최고최고 반일정서 한국영화보다 훨 재밌다,10
나이브스 아웃: 글래스 어니언,1이랑 다른 재질로 재밌게봤어용,10
영웅,최근 2년내 본 영화중에서 가장 가슴이 뭉클하네요  배우들 연기력 넘 좋았습니다대한민국 사람 이라면 꼭 한번 영환관 나와서보십시요    우리가 이렇게  잘살수 있는게  조상님들의 피나는 노력 이라고...,10
부활,"신적, 종교적인 색체를 지나치게 부각하지 않고,예수의 부활에 대한 집행관의 고뇌를 인간적으로 시청자가 따라가며 몰입할수 있었다.",8
영웅,뮤지컬을 워낙 좋아해서 영화로 나온 다기에 기대했습니다 기대대로 넘 좋았네요영상미도 좋고 넘버도 너무 너무 좋고 뮤지컬과 다른 감동을 느낄 수 있었어요조마리아 여사님 편지 내용과 장부가 나오는 장면은 영화든 뮤지컬이든 너무 감동이네요!!!,10
에브리씽 에브리웨어 올 앳 원스,미쳤음 미쳤음 미쳤음 ㅇㅇ,10
그린 북,운전하는 길위에서 서로가 동화된다.그것은 누구 한쪽에 쏠리지 않는 완벽한 중립의 상태.이로인해 타인을 배우지않을까,8
영웅,인생은 아름다워처럼 뮤지컬 영화가 그냥 영화보다 노래나와 지루하지 않고 재미있네요,8
아바타: 물의 길,1보다 재밌었어요 영상미 지림,10
영웅,배우분들이 너무나 다 명배우님들이시고 노래도 너무 괜찮아요 화면 시점 바뀌고 사건이 빠르게 진행되는게 너무 좋아요 ,10
아바타: 물의 길,경이로운 경험이었습니다.,9
범죄의 재구성,사기꾼 영화의 걸작 !!,10
20세기 소녀,진심 잘 안우는데 이 영화보고 눈물 나옴 하지만 현실은 저런일 없음 ,10
영웅,개그 소재가 중간에 나올땐 당황스러웠으나 그거를 무마하는 배우분들의 연기 와 노래 감동적이였습니다.라이브인줄 모르고 봤어도 감동이었는데찾아보니 라이브라서 한번더 보러갈려구요!.!,10
초록물고기,개쩌는 영화,10
아바타: 물의 길,가성비 좋은 볼거리 만랩. 인류의 미래 같음,10
올빼미,뇌출혈 환자의 한방치료기,7
영웅,첫장면부터 가슴뭉클 감동~CG처리가 약간 영화를 방해한 느낌?,10
영웅,한변에 뮤지컬을 본듯하네요 배우들의 노래는 완벽!!가슴이 뜨거워진 멋진 영화였습니다 ,10
"나는 내일, 어제의 너와 만난다",최고...통곡하면서 봤음... 잔잔한데 지루하지 않고 소재도 신선하고 스토리도 감동적이고 영상미도 좋고 다 좋다ㅜ 내일 만나자는 인사가 이렇게 슬프게 느껴질 줄은 몰랐다.,10
5 to 7,진짜 재미없고 짜증나는 스토리라인. 몰입 전혀 안되고 프랑스인 어쩌고 미국 어쩌고 프레임씌우기 인종차별 엘리트주의 등 오글거리는 포인트가 한둘이 아니다. 내가 변한건가.. 마지막 장면 만큼은 여전히 어이없지만 그나마 괜찮았던.,1
아바타: 물의 길,머리검은 짐승은 거두는것이 아니라더니..,8
아바타: 물의 길,"늦은거에 비해 별로라할수있겠지만여전히,새롭고 즐거웠다 3도 기대해본다!!!",9
올빼미,이 영화는 진짜 꼭 보세요.,10
기예르모 델토로의 피노키오,동화가 보여줄 수 있는 가장 본능적이고 원초적인 감동을 확인할 수 있는 작품.최근 디즈니가 보여준 인위적 감동은 절대 따라올 수 없는 자유롭고 따뜻한 감동을 선사하는 걸작.,10
영웅,노래땜에 집중안됨누가 잼있다고들 했냐..   ,4
아바타: 물의 길,"말이 필요 없습니다. 아바타1보다, 탑건2보다 더 잼 있네요",10
영웅,완전 감동... 꼭 봐야할 영화,10
영웅,보는내내 감동의 물결~~ 넘 완벽했어요~^^,10
아바타: 물의 길,재미있게 봤는데 1편을 너무재밋게 봐서 4점을 줬어요~ 세시간동안 영상미가 좋아서지루한줄모르고 본것같네요^^ ,8
굿 윌 헌팅,"사랑하라, 한번도 상처받지 않은 것처럼",9
눈의 여왕5: 스노우 프린세스와 미러랜드의 비밀,진짜 너무 재미없었어요,1
영웅,안중근 한사람만 봐도 캐릭터 다 혼자캐리 ~ 김고은 박진주 몰입되고 ,10
영웅,안중근의사의 삶. 그 어머니. 이름없이 죽어간 수많은 분들. 숙연해지고 먹먹해지고 가슴이 미어진다,10
"나는 내일, 어제의 너와 만난다",너무나 애틋한 30일의 기록,10
아바타: 물의 길,역대 최고입니다. 단언코,10
영웅,너무 감동적이에요!!!~~연기도 잘하고 노래를 다들 잘하네요!!~~오랜만에 눈물 흘리며 본 영화네요!!!,10
영웅,짱짱짱짱멋있어요정성화님,10
아바타: 물의 길,아이맥스로 보았을때 최고의 영상미 하지만 러닝타임이 길어 눈에 피로도는 어쩔수가 없네요. 그래도 최고의 경험 카메론감독의 판도라세상 이야기가 계속해서 나오길,10
불릿 트레인,어쩌다봐 봤는데 너무너무 재밌어요!,10
영웅,눈물이 주륵주륵 흐르네요,10
영웅,"몰입력 장난 아니고,, 무엇보다 배우분들이 노래를 정말 잘하셔요 흐름이 노래에서 깨지지 않고 그대로 이어나가는 게 뮤지컬 영화지만 끝까지 지루하지 않게 보았던 것 같아요 김고은 배우님께 깜짝 놀랐던 영화 ",10
아바타: 물의 길,"미친 영상미다. 스크린에서 상영할 때 볼 거 아니라면 절대 보면 안됨. 넷플에서 보기? 절대ㄴㄴ 꼭 큰 화면에서 봐야한다. 본인은 스크린엑스에서 봤고, 아직 4D는 못봤는데 안경잡이만 아니라면 포디도 보러가고 싶다.스토리는 가족애와 갈등 등등 진부하긴 한데 스토리가 큰 미스라고 생각될 정도는 아니다. 3시간이 30분처럼 지나갔음. 지루하지도 않고 보는 내내 영상미에 압도당해서 좋았다 진심,,",10
탑건: 매버릭,흔히 아는 스토리이지만 그걸 커버칠 수 있는 액션과 영상미가 있다. 아는 스토리라 해도 탑건 1을 봤다면 굉장히 힘 있는 스토리다.,10
불릿 트레인,"1. 일본과 안 맞으면 비추(소니픽쳐스+일본배경+일본소설원작)하지만 배경이 일본일 뿐 왜색이 짙어서 거슬리는 정도는 아님.2. 피칠갑이 싫으면 역시 절대 비추. 총과 사무라이 칼의 환장 콜라보.3. 빵형 믿고 보겠다면 안 말리지만, 실망할 거라고 미리 알려줌.4. 스토리나 개연성, 고증 이런 거 중요한 사람에게도 비추.5. 그냥 팝콘이나 씹으면서 시간 때울 사람에게 추천하기도 좀 애매한 것이 킬링타임 치곤 서사가 너무 구구절절해서 구질구질. 없거나 설명하지 않아도 되는 서사가 절반은 넘는 듯.6. 러닝타임 내내 내레이션 같은 말이 진짜 구역질 나올 정도로 많음. 7. 액션도 아니고 코메디도 아닌, 이거 정체가 뭐냐? -들어주기 힘든 대사가 절반, 피칠갑 단순 액션이 나머지 절반-제작비는 일본관광청이 댔거나 고속철 회사가 댔거나-커리어 말년에 망작만 출연하는 브루스 윌리스가 찍었으면 훨씬 어울렸을 텐데, 빵형이 왜 거기서 나와?-일본소설이 원작? 하아- 이 정도면 웹툰으로 나왔어도 폭망각인데..-명감독과 명배우의 재능 낭비-영화 내내 빵형이 외는 대사 bad luck, bad luck 에는 동의. 빵형 이번 영화는 운이 없었어.-사무라이 감성팔이는 일본인도 화나게 할 듯",3
아바타: 물의 길,그냥 하루종일 지루함 친구랑 둘이 같는데뭔가 감동포인트 같은거 1도 없는 지루한 영화좀 기대하고 갔는데 진짜 뭘본건지 모르겠음나중에 아바타 3  나와도 안볼듯,1
영웅,대한민국 국적 가진 사람은 보아야 할 영화. ,10
영웅,감동적인 영화입니다♡,10
아바타: 물의 길,초등 아이들과 함께~~돈이 안아까움! ,10
영웅,한편의 뮤지컬을 본 듯 너무 감동 그 자체입니다!!!,10
카터,액션이 엄청 화려하고 연기 쩔음,8
영웅,"역사 영화를 굉장히 선호하는 팬으로서, 아쉬움이 가득 남는 영화였음. 조절되지 않고 터져 나오는 배경음과 아쉬운 카메라 워킹, 정성화 배우가 잡아주는 영웅의 무게감을 저해하는 개그요소, 윤제균 감독님인지라 기대도 많이 하고 갔지만, 생각보다 영웅이 주는 무게감과 웅장함을 살리지 못 한 연출이 아쉬웠다. 그럼에도 한국 사람이라면 반드시 한번쯤은 접해야 할 영웅, 영웅의 무게감과 완벽한 연출의 조화를 즐기고 싶다면 뮤지컬 추천, 짧고 굵게라도 역사를 잊지 않고 아이들에게 전달하고 싶다면 영화 영웅 추천. ",6
아바타: 물의 길,진짜 오랜만에 재밌는 영화봤다,9
영웅,정말 감동과 역사의이야기를 좋아하는 뮤지컬로 보여주셔서 감동이엿어요 .다만 정말 국내영화 자막이 절실했었어요.ㅠ 가사하나하나를 듣고 한번 더 읽을 수 있었으면..을 많이 바라게됐던 영화였습니다.각자의 심정과 스토리를 자막이있었으면 감동이 더욱 배가 됐을 것같은 ㅎㅎㅎㅎ ,10
영웅,레미제라블을 만들고 싶었던 윤제균의 시도 뮤지컬 영화의 특성 상 어쩔 수 없었겠지만 시종일관 격정 격정 격정은 개선되어야 할 부분 그리고 솔직히 카메라워킹은 너무 올드하다 이러한 연출의 부족함을 안중근 선생님의 삶과 정성화의 연기가 메운다 정성화의 영웅을 광클릭하지 않고 1만원에 볼 수 있다는 것만으로도 충분히 볼만한 영화 ,7
유치원에 간 사나이,아놀드 영화중 최고~♡아이들이 너무 사랑스러웠던~,10
러브 액츄얼리,네번의 결혼식 과 한번의 장례식의 Love is all around 가 Christmas is all around 로~~.보고 또 봐도 좋은 최고의 크리스마스 영화!!,10
데스티네이션,기발한 발상의 슬래쉬 무비.,8
영웅,감동. 시간 가는줄 몰랐네요간만에 감동에 젖어 봤습니다,10
올빼미,"기대를 많이 하고 갔는데, 말그대로 흠잡을 데 없이 볼 만한 영화입니다! 영화가 끝나자마자 극찬하게 되는 건 아닌데 아쉬운 점이 없는 영화였어요.",9
영웅,"가족이 주말에 함께 관람했어요. 생각이 많아지는 영화, 그시절 헌신하신 수많은 선조들의 희생 잊지 않겠습니다. 하얼빈도 읽어보길 추천~~ ",9
영웅,나라를 지켜주신 고마움을 잊을 수 없습니다.,9
아바타: 물의 길,물을좋아해서 그런지 엄청나게 재밌다,9
영웅,"가족이 주말에 함께 관람했어요. 생각이 많아지는 영화, 그시절 헌신하신 수많은 선조들의 희생 잊지 않겠습니다. 정성화배우님...노래, 연기 압권입니다. 고생 많으셨습니다.",10
영웅,사라져가는  애국심을 돌아오게  만드는  영화였습니다,10
폴: 600미터,이 감독은 항상 뒤통수를 잘 치는 것 같음. 스릴 넘치고 좋았다,10
아바타: 물의 길,극장에서 봐야됨 그래픽 실제같음,10
셔터 아일랜드,ㅋㅋㅋ복선 알고나면 더욱 웃긴 영화.. 연기해주느라 얼마나 힘들었겠어ㅋㅋㅋ..,10
영웅,꼭봐야하는영화 배우님들연기진짜잘하시고노래도굿굿 감동적이고 기억해야되는 영화뮤지컬 보고싶었는데 영화로라도 뮤지컬한편직접 본느낌,10
영웅,한국 뮤지컬 영화 화이팅,10
영웅,"정말 감동적인 영화였습니다. 안중근 선생님과 독립운동가 조상님들의 조국을 위한 헌신과 사랑, 희생에 감사해지는 영화였네요",10
아바타: 물의 길,진짜 개재밌음 ㅠㅠ 개슬프고 존ㄴ나 재미씀 ,10
영웅,역사를 잊은 민족에게 미래는 없다. 이 한 마디로 모두 설명되는 영화 ,10
영웅,정성화배우님이 연기한 뮤지컬영화라서 꼭 보고싶었다. 영웅(안중근의사) 내용은 잘 알고 있어서 걱정반 기대반이었다.그러나 배우들의 노래와 연기가 뻔할뻔한 내용에 감동과 재미를 주었다.오늘 함께 관람한 초등4학년 아들과 안중근위인전 다시 읽어보고 싶어졌다.,10
아바타: 물의 길,"다시보고싶다,, 영화관 나오자마자 다시 보고싶음",10
루이스 웨인: 사랑을 그린 고양이 화가,"영화 초반과 후반의 따뜻한 영상미는 루이스웨인의 화가로써의 성격을 너무 잘 담아내었고,절정에 다다를 때의 환상적이고 복잡한 연출은 그의 머릿속을 그대로 표현한 것 같다...자칫 어지럽고 복잡하다고 느낄 수 있는 연출이지만, 그렇게 느꼈다면 감독은 성공한 것이다...",10
올빼미,매우 재밌었습니다 유해진 배우의 색다른 연기를 볼 수 있어서좋았음,8
영웅,누가 죄인인가를 들었을때 지렸습니다,10
아바타: 물의 길,3시간이 어떻게 지나간줄 몰랐던 올해 최고의 영화,10
영웅,민비 미화빼곤 괜찮은 영화 ,8
영웅,눈물나는 감동 뮤지컬 많이많이 보았으면합니다,10
아바타: 물의 길,인류 최고의 영화다. 너무 이쁜영화 제임스 카메론 신들렸음.,10
데스티네이션 2,완성도에선 아쉬운 부분이 많았지만 발상이 좋았던 작품,7
영웅,2시간 내내 마스크가 축축해질 만큼 울었습니다...,10
영웅,시간이 아무리 지나도 잊어서는 안될 그분들의 숭고한 희생!! 영웅이지만 누군가에겐 소중한 가족...이였던 두렵지만 용기내서 싸워준 그분들 덕에 지금  우리가 당연히 누리는 이 자유를 더욱 감사하면서 살아야 한단 생각이 드는 영화였어요 배우들이 그 역활 자체에 빠져들어 연기가 아닌 그냥 그분들이 영화속에서 살아 움직이는거 같았어요 더이상 나올 눈물이 없다고 생각이 들때 오열의 순간이 오더라구요 눈에서 눈물이 나는줄도 모르게 흘러요...대한민국 모든 분들 그리고 일본인들도..  다 봤으면 좋을거 같아요 아이손 부모님손 친구 연인 동료 할거 없이 함께 보러가셔요 ,10
영웅,연출을 보면 그냥 뮤지컬이 보고싶어져요.. 레미제라블을 그리고싶었지만 국제시장이 된 연출.. 오그라듭니다.. 근데 이러한 연출을 덮을만큼 정성화님 연기가 정말 소름돋습니다,7
영웅,초등학교 자녀에게도 최고의 영화,10
영웅,한국인이라면 꼭봐야될 영화!!!,10
아바타: 물의 길,cg의 한계를 두단계  끌어올렸네요. 소재에 따라 두차원 더 높은 환경도 표현할 수 있음을 보여준 영화입니다.  제임스카메룬 ~ respect!!,10
영웅,별점 많이 받으시오~~,10
"오늘 밤, 세계에서 이 사랑이 사라진다 해도",전개가 살짝 급발진하는 감이 없지않아 있었지만 시간가는줄 모르고 재밌게 봤음 거의 오열하면서 봄ㅠ,10
데시벨,개그 좀 빼지ㅠㅠㅠ 답답하넹,8
아바타: 물의 길,돈도 시간도 전혀 아깝지 않았어요 ,10
영웅,굿 소 베리베리굿 오케이?,10
아바타: 물의 길,‘설리 가족은 하나다’라는 대사가 인상깊고 영상미 미쳤어요 진짜 판도라에 와있다는 느낌 때문에 그런가 심장이 너무 빨리 뛰더라고요 시즌3 너무 기대돼요 빨리 나왔으면 좋겠어요ㅠ,10
루카,우리를 물 밖으로 나오게 한 모두에게 이 영화를 바칩니다.,8
아바타: 물의 길,"전편을 안봤고 별로 안땡겼으나 이런 대작이었군.영상미,스케일 보소ㅋㅋ 초반 살짝 졸았고 러닝타임이 너무 긴 것 빼고는 3D로 볼만함",9
영웅,혹평이 많아서 걱정했는데 생각보다 괜찮았다.배우들 연기가 너무 잘해서 몰입이 잘됐다.,10
영웅,다 알고있는 내용이지만 영화를 통해그 시대 아픔을 더 생생하게 느끼게 했던 영화입니다.가슴속 깊이 함께 소리치며 함께 눈물흘리며 대한독립을 기원하게 했습니다.,10
영웅,진작에 나왔어야 하는 영화. 전체관람가였어야 하는데 그것이 아쉽다. ,10
아바타: 물의 길,재미없던데?!그냥 다큐인줄.. 가족사랑 자연사랑?ㅎㅎ 아바타 1이 훠어어어얼씬 재밌다.내용이 없노..그냥 발리 가서 수영하고 놀다 환경 파괴 밀렵꾼들 퇴치 딱 그정도..ㅃ2..,4
영웅,테러리스트를 미화한 영화사는 제정신이냐? 게다가 영화도 노잼,1
아바타: 물의 길,역시 아바타 ...더이상 말이 필요없다...,10
랑종,기대를 너무 해서 그런지 그냥 그랬다. 배우들 연기가 압권,6
영웅,엄청 감동적이에요 꼭 보세요!!!,10
영웅,감동이였습니다~연기도 노래도 넘잘하셨어요,10
데스티네이션 3 - 파이널 데스티네이션,조금 식상해졌다고 해야할까,7
올빼미,기대없이 봤는데 재밌었다!,10
영웅,2시간이 어느새 흘러가고감정의 정점에서 영화가 끝나눈물을 닦을 여유도 없어요,10
러브레터,"차가운 공기를 깊게 들이마시고, 가슴속에,  깊게,  뜨겁게 뭉쳐있던 한 마디를 내 뱉는 영화의 백미를 우리 모두는 아직 잊지 않고 있다. ",9
올빼미,재밌어요 추천합니다 김성철 배우님 연기가 인상깊음,10
러브레터,"차가운 공기를 깊게 들이마시고, 가슴속에,  깊게,  뜨겁게 뭉쳐있던 한 마디를 내 뱉는 영화의 백미를 우리 모두는 아직 잊지 않고 있다. ",9
올빼미,재밌어요 추천합니다 김성철 배우님 연기가 인상깊음,10
영웅,정말 감동적입니다. 보는 내내 남편도 그렇고 저도 많이 울었어요. 나중에 아기 태어나면 같이 보고싶은 영화입니다. ,10
아바타: 물의 길,멋있어요. 아이맥스 쓰리디 꼭 자리 중앙 뒤에서 보세요. 고개 빠집니다,10
모가디슈,신파가 없으니 영화가 산다,9
영웅,뮤지컬을 카메라로 찍음,1
탄생,"청년 김대건의 세상을 사랑하는 위대한 행보~ 김대건을 연기하는 배우윤시윤님의 빛나는 모습, 마치 그날의 김대건을 보는듯... 감동이었습니다.",10
영웅,"조악한 스토리, 산만한 연출, 뜬금 없는 개그,수준 낮은 신파, 내 아까운 2시간을 어떡해야 하나요.",1
프리 가이,약간 유치하긴 하지만 나름대로 유쾌하고 즐길만하다,8
영웅,영웅정성화의 노래가내가슴을 찌른다,10
나이브스 아웃: 글래스 어니언,1편 안보고 봐서 기대없이 재밌게봤어요 다니엘 크레이그 007외에 처음접하는 연기라 너무 웃겼어요,9
아바타: 물의 길,"영화 보는 내내 눈이 즐겁고 눈물 쏟았습니다.. 아바타 최고 3,4,5 기대하고 있을게요!!!",10
영웅,옆애 앉은 아줌마가 통곡을 하며 계속울어서살짝 울컥 했네요. 감동적인 영화입니다. 보세요,10
영웅,가족들과 봤는데요.뮤지컬 못지 않은 감동입니다.여기저기서 우는 소리... 안중근 유해는 반드시 찾아주세요.1026  0326. 기억하겠습니다~!!!애써 주신 모든 분께 큰 감사드립니다.,10
롤러코스터,롤러코스터2 만들어주세요!꿀잼꿀잼~ 평점 9이상 될거같은데왜.평점이 낮은지 모르겠음,10
영웅,암살 두 번이나 실패하는데도 무방비로 총 맞아 죽어주는 친절한 이토 히로부미. 이토가 하얼빈 도착하면 설희(김고은) 배후 밝히겠다고 생포해서 가둬놓으라고 했는데 문도 안 잠궈놓아서 뒷문으로 나가 떨어저 죽는 박살난 개연성. 김고은은 왜 나오는지 모르겠고 뜬금없는 만두 타령과 어설픈 CG에서 웃음이 약간 나오긴 함. ,4
아바타: 물의 길,3편이 기대됩니다..!!,10
아바타: 물의 길,영상미는 정말 엄청 화려하네요. 하지만 우주로 나가서 까지 가족얘기는 쫌 식상하네요 ~,6
매드맥스: 분노의 도로,"최고의 영화, 모든 면에서 탁월하고 짜릿하다.",10
퍼스트맨,ㄹㅇ 띵작이다. 봐도봐도 잼있다,10
영웅,독립운동가분들이 없었으면 우리나라는 존재하지 못했을거란 생각이 듭니다,10
8월의 크리스마스,"내 기억 속의 무수한 사진들처럼,사랑도 언젠가 추억으로 그친다는 것을 난 알고 있었습니다.하지만 당신만은 추억이 되질 않았습니다.사랑을 간직한 채 떠날 수 있게 해 준 당신께고맙다는 말을 남깁니다.",8
라스트 듀얼: 최후의 결투,그당시 여성들의 삶이란...,9
빌리 홀리데이,무대의 스포트라이트 뒷편의 그녀의 굴곡진 삶,8
아바타: 물의 길,아바타1을 극장서만 4번 봤다최애 영화로 손꼽는데 ?10여년의 시간을 인식하지 못했을까너무 아쉬웠다 스토리 cg 연출 구성 감성어느것 하나 ?3시간여의 상영시간은지루하고 지루했다새롭고 환타스틱하며감동스러웠던 교감은 어디에도 ㅠ,4
아바타: 물의 길,이런 영상미의 해양다큐를 본다해도 낼 수 있는 돈. 그정도로 아름다움,10
영웅,강동 그자체입니다. 연기와 노래가 훌륭하게 조화되었습니다,10
영웅,후회없는 선택~!!정성화 김고은 나문희 등등 누구하나 감동적이지 않은 배우들이 없네요.다들 고생하셨습니다,10
헤어질 결심,일부러 빌빌 꼬는 개똥철학,1
아네트,예상하지 못했던 전개+분위기..,7
아바타: 물의 길,3D로 보길 잘했네요. 완전 강추!,10
가가린,이런게 현대미술인가보고나면 뭔지 알것같기도하면서 모르겠어 음 ,8
탄생,짜임새 있는 스토리 구성과 감동이 있는 영화였습니다.어제 영웅보고 오늘 탄생보고 눈이 이틀연속 습하네요..,10
영웅,감동에 감동연기력에 찬사!!,10
아바타: 물의 길,진짜 겁나재밋어요 3편 빨리나와라얍,10
프렌치 디스패치,졸릴때 보면 절대 안되는 영화,8
영웅,나라를 지켜준 독립운동가 앞에 언제나 뜨거워지는 눈물과 가슴을 지닌 우리는 어쩔수없이 천상 대한민족! 가슴붙잡고 울며 봤어요~ 진짜진짜 감사해요,10
아바타: 물의 길,시간 가는줄 모르고 봤어요  또봐도좋을듯,10
아바타: 물의 길,나는 재미가 있게 보았다. 음하하하하,10
사도,역겨움이 끝이없는 졸작,1
영웅,휴지 챙겨가세요 꼭!!,10
영웅,넘 감동적이였음 정성화 대박!!! 넘 잘하자나~~~ 몇번이나 울컥해서 눈물흘림,10
엔칸토: 마법의 세계,특별하지 않아도 괜찮아!,8
아바타: 물의 길,줄거리는 1변과 같음. 영상미 빼고는 그냥 쓰레기,1
영웅,자녀들과 함께 보면 더감동일듯요...요즘처럼 애국심이없는 세대에서는 더욱....장면에 뮤지컬은 무거운 장르를 가볍고 지루하지 않게 연결해주심에 감동 마지막 박수로 (혼자) 화답해주었네요 다른이들도 이랬을듯요 추천영화입니다,10
아바타: 물의 길,ㅈ밌다..궁금하면 보기요,10
영웅,정성화...진심 안중근이다.,10
빌리 엘리어트 뮤지컬 라이브,뒤늦게 빌리에 빠져 뮤지컬 라이브 봤지만 너무 재밌다 빌리는 사랑,10
아바타: 물의 길,보는 내내 내가 인간인게 혐오스러웠다. 악당인 휴먼종이 거의 모두 백인인게 신기 ㅋㅋ 동양 여성 한명 있음,10
아바타: 물의 길,보는 내내 내가 인간인게 혐오스러웠다. 악당인 휴먼종이 거의 모두 백인인게 신기 ㅋㅋ 동양 여성 한명 있음,10
탄생,천주교를 믿지않는 사람들도 많은 관심을 가졌음 좋겠다,10
영웅,안중근 의사를 길러내신 조마리아 여사님의 편지에 참고있던 눈물이 주루룩...,10
스파이더맨: 노 웨이 홈,스파이더맨 시리즈의 결정판,8
영웅,재밌게 잘 봤어요 ㅎㅎㅎ,10
아바타: 물의 길,영화관이 있어야 하는  이유,10
영웅,"赤,.,.,.,.,",1
영웅,내인생최고의영화강추합니다,10
어나더 라운드,약간만 취하면 인생은 축제다,8
영웅,너무  감동적이여서 울었다,10
영웅,이 영화 1위해야합니다!!  해외로 판매되야하는 영화!! 역시 대한독립만세!! 코레아우라!! ,10
굿 보스,꽤 볼만한 블랙코미디,9
아바타: 물의 길,굳 재미있네요 1편보고가기,10
레벤느망,그어떤 공포영화보다 공포스러웠다.,9
영웅,최고네요!!!   감사합니다!,10
스펜서,위태롭고 갑갑해보이는 그녀의 모습,8
영웅,진짜 제인생영화중최고에요 진짜영화스터리랑 단언컨대최고는ost였던거같아요 진짜감동있게 재미있게보았어요 ,10
아바타: 물의 길,진짜 돈이 하나도 안아까운 영화 입니다. 3 빨리 나왔으면 좋겠내요,10
영웅,역시 정성화는 정성화다모든 배우님들 고생많으셨어요너무 감동적으로 봤어요눈물샘 폭발 ㅠ모든 노래가 귓가에서 떠나질않습니다,10
불릿 트레인,"이런 영화도 완전 좋네요. 시시껄껄한 액션인 것 같지만 보다보면 점점 몰입도가 생겨요. 라이언 레이놀즈, 채팅 테이텀, 산드라 블록의 까메오 재미도 쏠쏠해요. 감독이 유명해서겠죠?",10
영웅,한국인이라면 한번씩은 봤으면 좋겠습니다.,10
영웅,어찌나 심장 쿵쾅대며 봤는지영화로도 뮤지컬로도 최고인 영웅,10
신비한 동물들과 덤블도어의 비밀,그래서 덤블도어의 비밀이 뭔데요,2
아바타: 물의 길,솔찍히 스토리는 별루구 3d 안경쓰면 입체감으로 그냥 볼만함2d로 봐서 그런지 언제 끝나나 끝날시간마 기다렸음 ㅠ,4
아바타: 물의 길,역시 아바타 기대대로 잘봤음,10
영웅,"안씨 쟤 뭐지? 쟤때문에 조선 자치통치, 온건파가 죽은거 아닌가? 청나라에 있어 조선은 식민지 공녀, 노비 사육장이었다면, 일제시대 조선은 평균수명 늘어나고, 인구수 늘어나고, 교육수준 높아지고, 개인의 사유재산 인정되고.  이런거 다 조선시대에는 불가능 했던거 아닌가? 더군다나 인구의 60%가 노예였던 노예제 전제왕권국가가 그리도 그립나? ",2
매스,"가해자의 부모든, 피해자의 부모든, 그들은 부모다.",9
아바타: 물의 길,13년을 기다린영화♡♡감동그자체~,10
아바타: 물의 길,같은 애아빠로써 눈물 찔끔,10
반창꼬,고수. 한효주 케미 쥑인다ㅋ 적절한 조연들까지ㅋ 와일드 카드 커플은 생각도 못함ㅋㅋㅋ 간만에 볼만한 영화였음ㅋ 막판 의사 시스루는 다 보임.. ,8
아바타: 물의 길,"영화보러 가기전 길다, 지루하다, 가족얘기라 뻔하다, CG밖에 볼거없다 등등 얘기를 많이 들어서 기대치를 낮추고 들어갔는데괜히 그랬네요! 1편보다 더 멋지고 재밌고 감동적이었습니다. 이거 지루하다는 분들은 도대체 어떤 영화를 좋아하는 분들인지??아님 오래 못 앉아있는 ADHD들인가?초2 저희 아들도 3시간반을 흥미진진하게 봤습니다.전 강추합니다. 꼭 보세요. 꼭 3D로 보세요.",10
아바타: 물의 길,딸이랑 재밌게 봤습니다.감동도 있고 3시간 그리 길게 안 느껴 졌어요...그리고 사람마다 보는 관점이 다른데 본인 재미 없다고 다른 사람 수준까지 까내리지 마시길...,10
박쥐,가장 박찬욱스러운 영화,10
아바타: 물의 길,아쿠아관에 있는 착각이 들었음. 영상은 최고였고볼거리 있었음. 길게 느껴지지않았고,8
영웅,최초 뮤지컬 영화 영웅 너무 감동적 올해 마지막달 최고의 영화늘 감상 울컥함,10
아바타: 물의 길,스토리도 나름 재밌었음.. 너무 재밌다 또 가서 봐야지ㅠㅠㅠ,10
탑건: 매버릭,영화관의 존재 이유를 충분히 설명해주는 영화,9
영웅,영화보면서 처음으로 울었음,10
아바타: 물의 길,"아바타1을 이미 10몇년 전에 삼디로 본 상태라서 삼디 아맥을 보면서 놀라울 건 없었지만, 좀 더 세련되고 섬세하게 표현되긴 했다. 스토리가 빈약하다는 평이 있던데, 볼거리가 충분해서 상쇄하고도 남는다. 무조건 삼디 아이맥스로 봐야하는 영화다. 세 시간의 러닝타임이 전혀는 아니지만 그래도 막 지루하지는 않다. 극장이 존재해야하는 이유를 알려주는 영화다.",10
영웅,일본이  도움줬다고  말하는  사람들은  꼭  보길!뜨끔할것이다.그  생각이 명확하게  잘못되었다는걸  느끼게  할 부분이있다.아이들과  꼭  봐야할  영화,10
엘비스,너무 짧고 환하게 빛났다 사라져버린 스타,8
아바타: 물의 길,너무 감동적이있고 3시간이 하나도 안지루하네요,10
한산: 용의 출현,이런 영화는 극장에서 봐야지!,7
영웅,정말 꼭 한번은 봐야 할 영화입니다감동입니다,10
영웅,지금까지 봤던 영화 중 최고였습니다 안중근 의사 뿐만 아닌 대한을 위해 싸워주신 모든 분들에게 감사함을 표합니다,10
신비아파트 극장판 차원도깨비와 7개의 세계,"이번주 토요일에 증산 메가박스에서 봤는데, 너무 재밌더라구요. 자리 확인하는 바람에 오프닝 못 봐서 아쉽지만 그래도 재밌게 잘 보고 왔어요. 나중에 넷플릭스에 들어오면 또 봐야겠네요. ㅎㅎ",10
나이브스 아웃: 글래스 어니언,"나의 본드를 오랜만에 봐서 반가웠는데 블랑의 활약은 없고, 결말..큰쓰레기만 치웠지 옆에있는 쓰레기를 치우지 않아 아쉽다. ",6
아바타: 물의 길,진짜 3시간 지나간지 모르고 봤어요 !!,10
영웅,감사합니다. 조국을 위해 희생하신 모든 분들..,10
티켓 투 파라다이스,가볍고 유쾌하게 즐기는 로맨스 코미디,7
불릿 트레인,"왜색과 일뽕만 없었다면 괜찮았을 영화다. 떼제베를 이용하던지 유럽 배경으로 찍었다면 배경적으로 볼거리도 많았을텐데, 쪽국 따위가 배경이라서 눈 버렸다. 빵형, 산드라 누나, 퀵실버 때문에 각각 1점 준다. 채닝 테이텀의 카메오가 인상적이다 ㅎ.",3
롤러코스터,"A급인 B급 병맛 영화입니다대사,연기자들 연기 진짜 웃겨요 ㅋㅋㅋㅋ",10
아바타: 물의 길,구라 안까고 체감성 2시간임 시간 순삭가능,10
영웅,너무 좋았구요. 감동적이었어요.,10
영웅,"서사와 인물들을 잘 묘사하고 상황에 맞는 노래와 연출이 너무 좋았습니다. 조국과 동포, 가족에 대한 안중근 의사의 마음과 당신의 국제적 평화론을 바탕으로한 일본제국주의 비판에 대해서도 되새기게 하는 영화라고 생각됩니다. 오랜만에 깊이 느끼고 생각할 수 있는 기회였습니다. 안중근 의사와 독립운동에 헌신하신 모든 분들께 깊은 감사와 존경의 마음을 드립니다. ",10
하우스 오브 구찌,보는 내내 눈이 즐거웠다,8
아바타: 물의 길,시작부터 아방의 감동이 있었습니다.,10
올빼미,감독 상상력이 진짜 대단하네요... 솔직히 별 기대 안하고 봤다가 중반부부터는 엄청 몰입해서 봤습니다 한번더보고싶어요,10
영웅,배우들의 연기도 작품도 너무 훌륭했습니다. 조국을 위하 희생하신 순국선열에 은혜와 희생에 감사를 드립니다..감사합니다,10
우연과 상상,대화로 만들어지는 관계에 대한 이야기,8
아바타: 물의 길,지루했어요 취향의차이일수도 있지만...,1
아바타 리마스터링,와....그냥 한마디만 해서 찢었다...이게 2009년꺼라니 믿을수 없다,10
진주만,이렇게 재미있는 영화를 이제야 봤네요...,10
아바타: 물의 길,오래기다린 보람 있어요~ 좀 길긴하지만 가면갈수록  잼있음~,10
아바타: 물의 길,새로운 아이디어는 물론 제임스 카메론 본인이 지금까지 만든 작품들에서 연상 되는 씬까지의 총집합,8
영웅,천인공노할 인간들이로세 이걸 보고 10점을 안주나?15000원으로 이런 작품 보게 해준 감독님과 배우분들께 감사드립니다,10
영웅,다시 한번 우리들의 영웅들께 감사합니다  모두 연기와 노래가 완벽 ,10
아바타: 물의 길,개인적으로 재밌습니다.,10
영웅,강추입니다. 연말에 꼭 봐야하는영화,10
"오늘 밤, 세계에서 이 사랑이 사라진다 해도",휴지를 챙기거나 마스크를 몇 장 더 챙기거나 눈물이나 콧물 묻혀도 괜찮은 옷을 입고 가거나… ,8
아바타: 물의 길,GOOD 너무 재밌다 ,10
영웅,한국인임을 다시 한번 느끼게 하는 뜨거운 영화,9
"오늘 밤, 세계에서 이 사랑이 사라진다 해도",눈물이 줄줄 흐르는 영화,10
같은 속옷을 입는 두 여자,현실에 있을 법한 사람들과 연기,8
소원,조두순볼때마다 문재앙생각나노 악마같은놈들,9
영웅,이런감동이 끝나고 다들못나갈정도로울었다..,10
태극기 휘날리며,전쟁이란 불행은 없길바라며 ,10
콜보이,역겨울 수 있는 내용을 잘 그려냈다. 하드하면서도 파격적인 정사씬은 쉽지 않은 연기였을터이나 영상미있게 찍었다. 욕망은 없는 것이 아니라 드러내지 않는 것뿐.,8
본즈 앤 올,뼈와 살까지 내어주는 사랑,8
영웅,친일파 가카께서 많이 불편해 하실걸것 같네요..,10
영웅,좋은 영화 잘보았습니다.,10
인천상륙작전,부족한 제작 능력이 좋은 의미마저 갉아먹는다,4
"오늘 밤, 세계에서 이 사랑이 사라진다 해도",내가 느낀 감정을 다 표현하지 못해 아쉽다..,10
라 비 앙 로즈,마리옹 꼬띠아르의 미친 연기력,9
영웅,기대한 것보다도 더 잘만든 작품.. 영화관에서 봐야하는 영화입니다,10
찬실이는 복도 많지,내 얘긴 줄 알았네. 장국영 오빠 나한테도 오세요 ㅋ,10
영웅,"정성화 연기는 말 할 필요도 없고 나문희 선생님의 기교없는 연기, 노래는 오열 포인트",10
플립,재밌다 시간금방감 서로다른 시선으로 전개해가는 내용 나중에 뒤집힌 입장 스토리 굳,8
영웅,차라리 진지한 뮤지컬영화로 만들었다면 대작이 되었을 텐데 만담 +망cg 아쉽다 상업영화 욕심부렸다가 애국영화도 아닌것이 되버렸네 ,3
올빼미,기대이상!,10
영웅,뮤지컬 영화라 지루하거나 재미 없으면 어떡하지 하면서 봤는데 진짜 재밌고 소름돋는 장면이 많이 있었어요. 노래도 너무 좋아서 집 와서 다 찾아봄ㅠㅠ,10
드라이브 마이 카,살아가야하는 남은 사람들,8
영웅,시답지않은  개그나  불필요한  장면들은몰입감 떨어뜨리네요   김훈 작가님의 소설  &amp;#39;하얼빈&amp;#39;  에서 느꼈던  가슴저릿한  감동은 전혀 느껴지지 않았습니다 새로운 시도는 좋았지만  아직  갈길이 먼듯.... ,6
영웅,연기 굳노래 굳노래 타이밍 애매연출 최악배우님들 죄 없고 JK필름이 죄인이다,4
라스트 크리스마스,조금 슬펐어요~잔잔하게~여배우 진짜 매력있음,8
영웅,후손들에게는 좀 더 나은 조국을 보여주기위해 노력하고 조국을 위해 헌신하신 모습을잊지않고 오래오래 기억하고 전달하겠습니다,10
첫 키스만 50번째,하 보고 울었다.. 이런사랑이 가능한건가.. 너무 감동적,10
좋지 아니한가,박해일 연기 좋지 아니한가,6
영웅,OST 한곡 한곡 모두 다 좋아요!,10
아바타: 물의 길,1편이 충격이 심해서 그렇지 아주 볼만함,10
올빼미,역사와 픽션의 적절한 조화,9
아바타: 물의 길,너무 아름다웠습니다~^^,10
영웅,"애국심,그리고 배경 그리고 웅장함 그리고젤 중요한 정성화님의 신들린 연기.연기 아닌 사실같았음.",10
아바타: 물의 길,"영상미는 좋은데, 영상미만 좋음.비싼 돈, 최신기술 때려박아 만든 예쁜 쓰레기.올해 본 영화 중 최악, JOAT",1
그린 북,크리스마스에 딱 좋은 영화였어요. 긴 말이 필요없는 &amp;#39;사람과 사람&amp;#39; 사이의 진한 우정 이야기는 언제나 아름답기에. 영화 전반적인 미감도 훌륭합니다.,10
영웅,"감동적이다.. 뮤지컬 영화임에도, 의외에 코믹함도녹아져 있다...좋은 영화였다..",10
영웅,감동이 깊은 영화 눈물 흘리고 왔음,10
영웅,한국인이라면 무조건 봐야하는 영화 너무 김동적이고 가슴 아픔 역사를 잘 표현한 영화 후손을 위해 나라를 그해주셔서 감사합니다,10
영웅,이런 영화는 반박시 매국노라...,7
영웅,창작 뮤지컬 3번 관람하고오늘은  영화를 봤네오정성화는 역시 영웅에 어울립니다.오늘도 눈물이 글성 글성~~,10
영웅,뮤지컬같아요 전 좋았어요,10
영웅,영화 예매율 확인해봤는데 영화 예매율 관객수가 4만이라고 나왔더..라구요 아쉽게도 영화 흥행 실패 예상할지도..가능해요!,4
영웅,최고입니다 꼭 봐야 할 영화입니다흐르는 눈물을 멈출 수가 없었습니다.,10
영웅,우리나라 사람이라면 꼭 봐야하는 영화,10
영웅,전형적인 cj영화 연출이 아쉽다,6
아바타: 물의 길,너무 재밌는 영화나도 모르게 호흡을 따라하는 몰입감 최고,10
마녀(魔女) Part2. The Other One,요근래 본 영화중최악뻔한스토리라면 스피디하고 재미있게 풀던가 ...진짜 영화중간에 끊고 나온적은 첨입니다 ... 최악,1
아바타: 물의 길,오랜 시간 기다린 보람이 있네요~,10
영웅,정말 연기자들도 멋있고 나왔던 캐스팅들도 멋있고 재밌긴 재밌는데 내용이 나오다가 자꾸 노래가 나왔다가 이야기가 나오고 계속 이렇게만 되는거 같아요 ,8
헌트,영화에서라도 문어대가리 전두환을 죽였으면 10점줬을텐데.씨발,8
"오늘 밤, 세계에서 이 사랑이 사라진다 해도",자고 나면 어제의 일을 잊게 되어 일기장에 기록하는 마오리를 위해 하루하루가 행복하게 기록되도록 열심히 노력해 예쁜 추억을 만들어 주는 토루의 마음이 너무 따듯해,10
영웅,And though you&amp;#39;re deadand gone believe m,10
아바타: 물의 길,3D로 이런 세계를 체험 가능한 것만으로도 의미있다.,8
아바타: 물의 길,"개봉날 봤는데, 역시 아바타!영상미가 와~ 최고!아이맥스로 한 번 더 보러가고 싶네요!",10
영웅,ㄹㅇ 진짜 몰입도 미쳤고 우리 역사에 대해 다시 알게 되어서 추천합니다.,10
영웅,cg가 조금 아쉽지만 이 점 빼고는 다 완벽합니다 특히 연기&amp;ost가 매우 뛰어나는 영화였어요! 다시 보고 싶네요 완전 추천!! ,9
기예르모 델토로의 피노키오,감동적입니다. 대단한 영화네요.,10
영웅,정말 재미있네요~배우님들 연기가 정말 좋습니다.,10
아바타: 물의 길,다시 또 보고싶다 너무 짧다... ,10
영웅,그냥 묻지도 따지지도 말고 보시길 추천합니다 ,10
영웅,"뮤지컬과는 또 다른 매력이 있어요. 시공간을 넘나들수있고, 배우의 얼굴이 자세히 보이니 영화의 가장 큰 장점이라 할 수 있습니다. 재미와 웃음도 있지만, 무엇보다 안중근의사와 그 가족들에 대한 슬픔이 잘 묘사되어있어요. 안중근의사의 유해는 언제쯤 한국으로 돌아올 것인지..  애국지사들의 그 정신을 본받고, 감사함을 느끼며 살아가야겠습니다. 영화를 만들어주셔서 감사합니다. ",10
영웅,정성화 막판 삼십분때문에라도 넘 좋았슴,10
영웅,뮤지컬로 보고 영화로 다시 봐서 감동이 2배..특히 마지막 형장에서 천부의 아들 노래는 마음을 찢어놓는다..감사합니다 ,10
가재가 노래하는 곳,해피엔딩으로 끝나긴했으나 어떻게 죽였는지에 대한 알맹이 없는 마무리,4
영웅,별기대없이 봤는데 ..이런 감동과 눈물..스토리에정말 배우들과 감독의 열정에박수를 보냅니다~,10
영웅,정말 감동적입니다ㅠㅠ,10
영웅,진짜 이영화를 안보면 한국사람이 아님실화바탕. 뮤지컬 원작 보면서 얼마나 울었나 모릅니다 본인이 힘들다면 꼭보고 좀 더 크게 세상을 바라보시기 바랍니다,10
영웅,"뮤지컬도 봤는데, 뮤지컬과는 또다른 매력이 있는 영화였습니다. 후반부엔 감동에 계속 울기만 했네요. 많은분들이 보고 그 감동을 느꼈으면 하는 마음에 처음으로 평점을 남겨보네요! 대한민국 국민이라면 한번은 보고 그 전율과 감동 그리고 조국을 위해 몸받친 독립운동가 한분한분의 마음을 가슴에 새기는 시간이 되었으면 좋겠습니다:)",10
영웅,후기 안남기는데.. 보는 내내 소름입니다,10
불릿 트레인,아니 이렇게 완성도 있는 B급 감성 영화가 어딨다고 평점이 이래?? 졸잼이고 탄탄한 연출 스토리 배우 다 갖춤!! 10점이여 10점,10
검객,장혁 짱이에요. 좀더 나와주세요  ~,10
아바타: 물의 길,러닝 타임이 길다는 것을 느끼지 못하는 영화.,10
"오늘 밤, 세계에서 이 사랑이 사라진다 해도",스토리 자체가 먼가 감성적이고 감동적임 .. 개인적으로 한번씩ㅇ 보는거 추천드림 로맨스 영화 같은거 잘 안보는데 진짜 인생영화 될거 같음 .. 한번씩 버세용,10
아바타: 물의 길,가족의 소중함을 느낄수 있었다. ,10
아바타: 물의 길,올해 최고의 영화였다..,10
영웅,제발보지마세요 뮤지컬식이라 몰입감 빵점입니다 중간에 나오고 싶었는데 여친 땜에 참았고 화장실에서 영화평얘기가 혀 깨물고 죽고싶었답니다 위대한 안중근 영화를 이런식으로 만드나ㅠㅠ,2
꾼,유지태는 어떻게 연기력이 그냥 평민이라 어쩔 수 없구나 나머지는 수준이상이었음,6
영웅,아니 연기력 노래 다 소름돋음 진짜 아바ㅌ 볼게아니라 국민이라면 영웅봐야지ㅠㅠㅠㅠ콧물눈물다흘림 연출 연기 다 가슴이 웅장해진다ㅠㅜ별점 낮게 준사람들 메국노임?ㅠㅠㅠ제발 우리나라 독립을 위해서 힘써주신 분들에게 감사함을 또 느끼고ㅠㅠㅠ그냥 지렸다뮤지컬 영화 그냥 지렸;; ,10
아바타: 물의 길,스토리 쫌 조악하면 어떠냐 영상미 하나로 다 씹어먹는다,8
"오늘 밤, 세계에서 이 사랑이 사라진다 해도","로맨스 좋아하는 사람들은 마음에 들어할 영화이다. 감동도 있고, 의미도 있는 영화라 오래 기억에 남을 것 같다.",9
신비아파트 극장판 차원도깨비와 7개의 세계,너무나 보고싶어요 ㅎㅎ 보고싶네요 언제 티비에 나와용 ,10
아바타: 물의 길,"원래 이런 영화 안좋아하는데 엄마가 보고싶다고 하셔서 봤는데 재밋어여,, 엄마가 너무 좋아하시네요 가족애가 있는 영화에요",10
나이브스 아웃: 글래스 어니언,"모든게 청결한곳에서 쓰레기들이 모여 그것들을 숨기니.. 그곳에서 가장 정직한자가 불을지르자마자, 시가를 태우는 블랑의 모습을 보고 폭소가 터져나왔다. 크리스마스처럼 화려한 추리극",10
양자경의 더 모든 날 모든 순간,천재성이 뭔지 보여줬다,10
아바타: 물의 길,뻔한 스토리 전개 기대가 너무 컸던듯...,4
아바타: 물의 길,3시간이 이렇게 짧게 느껴진 영화는 처음 ..진짜 안보면 후회합니다.. 끝내줍니다,10
영웅,와...  매우 감동적 입니다.,10
아바타: 물의 길,3시간이 30분 같았습니다툴쿤스토리 너무 감동적이고 진짜 몰입해서 봤어요,10
크리스마스 위드 유,연기 너무 어색하고 내용 전개도 너무 오글거림 차라리 그여자 그남자 작사작곡 한번더 보셈,4
영웅,그냥 펑펑 울러버려 ㅠㅠ,10
아바타: 물의 길,3시간이 후딱 지나갈 정도로 너무 재미있었엉?ㄷ,10
아바타: 물의 길,감독이 주제가 환경이란 걸 말했을 때부터 이 영화의 목적은 정해져 있었던 것 같음 3시간 짜리 다큐 보는 줄,4
"오늘 밤, 세계에서 이 사랑이 사라진다 해도",지루해요. 재미도 없고 감동도 없었습니다. ,1
영웅,주인공의 열연이 돋보임.개연성 없는 스토리와 아쉬운 연출에서별 하나 뺐음.한국인의 피가 흐르는 사람이라면 봐야 할 영화,8
영웅,대한독립 만세.아바타도 좋지만 영웅도 꼭 봐야할영화임한국사람이라면,10
영웅,뮤지컬 영웅 너무 좋아해서 계속 기다렸어요!다른 매력의 영웅이라 좋았어요천만갔으면 좋겠어요!!,10
아바타: 물의 길,그냥 뭐 끝내준다는 한마디만,10
늑대사냥,이게 도대체 무슨...;;,3
영웅,애국심 차오르는 영화 아바타가 아니라 이거 봐야합니다. ,10
영웅,너무 감동적이고 배우님들 연기 다 너무 좋았어요...,10
"오늘 밤, 세계에서 이 사랑이 사라진다 해도","미친거아님???? 영화보고 오열한건 또 처음입니다,, 개슬퍼요 마스크 다 젖음",10
영웅,대한민국 국민으로써 꼭 보고 듣고 느껴야 하는 영화,10
영웅,2022꼭봐야할영화,10
영웅,위국헌신 군인본분  ,10
영웅,"너무 슬프다..진짜 배우분들 노래 부를때 마다 운듯, 눈물 포인트를 집을수가 없을 정도로 많은 감동적인 장면들과  나오는 장면 하나하나가 깊은 생각을 하게 만들었다. ",10
강철중: 공공의 적 1-1,정재영은 악역인데 뭔가 정이 가는 악역이네요. 역시 연기의 신.,9
올빼미,쵝오 진짜 재밌어요 올빼미 제목도 잘지음,10
"오늘 밤, 세계에서 이 사랑이 사라진다 해도",너무 슬픈데 너무 재밌음!!,10
영웅,"한국인이라면 꼭 봐야하는 영화,,,??",10
영웅,초등학생 아들과 함께 울며 감상했습니다.,10
스파이더맨: 노 웨이 홈,음 역대급.. 스파이더맨 아니 마블 시리즈 통틀어서 단편으로는 최고인듯. ,10
아바타: 물의 길,단순히 치고박는 영화가 아님. 이건 문학이다…,10
영웅,끝나고도 여운이 많이 남아 잠시 더 앉아 있었다 배우들의 연기와노래가 몰입 하는데 좋았음  ,10
아바타: 물의 길,이건 시대다 역사의 한 순간을 장식했다,10
아바타: 물의 길,진짜 재미없다 한국영화보는줄,1
마더,몰입감 미쳤다.. 진짜 천재 감독,10
아바타: 물의 길,진짜 영상 하나는 최고,10
영웅,헐리우드에 라라랜드가 있다면 한국엔 영웅이 있다 자칫 잘못하면 노래가 흐름을 깰 수도 있는데 영웅은 오히려 ost가 감정을 북돋아 주는 것 같아요 특히 정성화 김고은 배우님 노래에서도 감정이 그대로 느껴져 너무너무 좋았습니다 그리고 하루 빨리 안중근의사의 유해를 모셔왔음 좋겠습니다ㅠ 일본은 진짜! 뿌린대로 거두길~~,10
아바타: 물의 길,영상미 좋네요.무조건 봐야함,10
"오늘 밤, 세계에서 이 사랑이 사라진다 해도",슬퍼요ㅠㅠㅠ1년치 눈물 흘렸어용 ㅠㅠ,10
아바타: 물의 길,솔직히 영상미는 인정함 근데 스토리 개연성 너무 떨어지고 전개도 구림 남는건 영상미... 그뿐 탄탄한 스토리 전개를 중점적으로 보시는 분이면 안보시는 걸 추천합니다.,2
영웅,울다가웃다가또또울고웃다~^^,10
나이브스 아웃: 글래스 어니언,추리미스터리극을 빙자한 블랙코미디. 재미는 충분하다,8
아바타: 물의 길,너무 재밋어요 ㅠㅠ,10
올빼미,준열이 연기대박!,10
영웅,말이 아까워 ~~~짱좋아요,10
영웅,&amp;#39;정말 정말 한국인이라면 꼭 봐야하는 영화입니다 &amp;#39;라는 말로 부족합니다. 누구라도 봐야하는 영화입니다.,10
아바타: 물의 길,너무재밌게봤슴듀 ㅠㅠㅠ,10
영웅,중간에 개그요소가들어간 노래제외하고는 너무 감동적이고 좋은영화입니다,10
영웅,일본 사람이 다나쁜건아니지만 남의것을 탐하는소수사람때문에 좋게만은 안느껴집니다~힘있는 나라가 되어야지만 이런 슬픈일이 일어나지 않습니다좋은영화 만들어주셔서 감사합니다,10
영웅,기대이상 ㅠㅠ 감동이였고 목소리 하나하나 울림이 있는 영화였어요 눈물이 매순간 계속 났어요 ㅠㅠ 여기저기서 훌쩍이는 소리가 영화관을 가득메울정도 추천해요!!,10
영웅,크리스마스 조조로 보고왔는데 여운이 너무 오래갑니다. 지금 이 곳에 아이와 영화를 편히 볼 수있는 현실에 감사하며... 정성화 배우 정말 대단합니다. 안중근의 유해도 돌아오길...,10
영웅,워낙 좋아하는 뮤지컬이기에 관람 전 걱정이 되었던건 기우였다. 물론 뮤지컬 만의 장점이 있지만 영화로도 잘 살려 낸것같아 매우 흡족했다.시작부터 가슴 뭉클한 넘버와 연기로 눈물을 자아냈고 끝까지....눈물을 멈추기 어려웠다.,10
영웅,애국자라서 4점은 주지만.. 영화가 너무 가볍습니다. 영화로선 별로네요.. 아이들 역사공부로는 ㄱㅊ을것 같습니다.,4
